period,avg_temperature_f,hdd_65,cdd_65,source,ct_hartford_temperature_f,dc_washington_temperature_f,de_wilmington_temperature_f,ma_boston_temperature_f,md_baltimore_temperature_f,me_portland_temperature_f,nh_manchester_temperature_f,nj_newark_temperature_f,ny_new_york_temperature_f,pa_philadelphia_temperature_f,ri_providence_temperature_f,va_richmond_temperature_f,vt_burlington_temperature_f,wv_charleston_temperature_f
2026-07-09T04,71.50,0.00,6.50,nws_hourly,68.00,75.00,73.00,71.00,75.00,66.00,68.00,72.00,73.00,72.00,67.00,74.00,74.00,73.00
2026-07-09T05,70.93,0.00,5.93,nws_hourly,67.00,75.00,72.00,71.00,75.00,65.00,67.00,71.00,73.00,72.00,67.00,73.00,73.00,72.00
2026-07-09T06,70.07,0.00,5.07,nws_hourly,65.00,73.00,72.00,69.00,74.00,65.00,67.00,70.00,72.00,71.00,66.00,73.00,72.00,72.00
2026-07-09T07,69.93,0.00,4.93,nws_hourly,66.00,73.00,71.00,70.00,74.00,65.00,66.00,70.00,71.00,71.00,67.00,73.00,70.00,72.00
2026-07-09T08,69.57,0.00,4.57,nws_hourly,66.00,73.00,71.00,70.00,74.00,64.00,64.00,69.00,71.00,71.00,67.00,73.00,70.00,71.00
2026-07-09T09,69.50,0.00,4.50,nws_hourly,66.00,72.00,71.00,70.00,73.00,65.00,65.00,69.00,71.00,71.00,67.00,73.00,70.00,70.00
2026-07-09T10,69.43,0.00,4.43,nws_hourly,66.00,73.00,71.00,70.00,73.00,65.00,65.00,69.00,71.00,71.00,67.00,73.00,68.00,70.00
2026-07-09T11,70.71,0.00,5.71,nws_hourly,68.00,73.00,72.00,72.00,73.00,67.00,67.00,70.00,72.00,72.00,70.00,73.00,71.00,70.00
2026-07-09T12,73.29,0.00,8.29,nws_hourly,72.00,75.00,74.00,76.00,75.00,69.00,72.00,73.00,73.00,74.00,73.00,76.00,73.00,71.00
2026-07-09T13,76.50,0.00,11.50,nws_hourly,76.00,78.00,76.00,79.00,78.00,75.00,78.00,76.00,75.00,76.00,77.00,79.00,76.00,72.00
2026-07-09T14,79.21,0.00,14.21,nws_hourly,80.00,79.00,77.00,83.00,80.00,77.00,82.00,78.00,76.00,78.00,81.00,82.00,80.00,76.00
2026-07-09T15,81.86,0.00,16.86,nws_hourly,83.00,81.00,79.00,86.00,82.00,79.00,87.00,81.00,78.00,80.00,84.00,85.00,83.00,78.00
2026-07-09T16,83.43,0.00,18.43,nws_hourly,86.00,82.00,80.00,88.00,84.00,80.00,89.00,82.00,79.00,81.00,86.00,87.00,85.00,79.00
2026-07-09T17,84.93,0.00,19.93,nws_hourly,87.00,85.00,81.00,90.00,85.00,83.00,90.00,84.00,79.00,82.00,87.00,88.00,87.00,81.00
2026-07-09T18,85.36,0.00,20.36,nws_hourly,88.00,85.00,81.00,90.00,85.00,84.00,91.00,83.00,79.00,83.00,88.00,89.00,87.00,82.00
2026-07-09T19,85.64,0.00,20.64,nws_hourly,88.00,85.00,82.00,91.00,86.00,85.00,91.00,82.00,78.00,83.00,88.00,90.00,88.00,82.00
2026-07-09T20,86.21,0.00,21.21,nws_hourly,89.00,87.00,82.00,92.00,87.00,85.00,91.00,83.00,79.00,83.00,88.00,91.00,86.00,84.00
2026-07-09T21,85.07,0.00,20.07,nws_hourly,87.00,84.00,82.00,90.00,85.00,84.00,90.00,83.00,79.00,83.00,87.00,90.00,85.00,82.00
2026-07-09T22,84.07,0.00,19.07,nws_hourly,86.00,84.00,79.00,90.00,85.00,82.00,89.00,82.00,79.00,80.00,86.00,89.00,84.00,82.00
2026-07-09T23,82.64,0.00,17.64,nws_hourly,84.00,83.00,78.00,87.00,84.00,81.00,87.00,81.00,79.00,79.00,84.00,87.00,81.00,82.00
2026-07-10T00,79.86,0.00,14.86,nws_hourly,79.00,81.00,77.00,84.00,82.00,78.00,82.00,79.00,78.00,77.00,80.00,84.00,78.00,79.00
2026-07-10T01,77.50,0.00,12.50,nws_hourly,77.00,78.00,76.00,81.00,79.00,77.00,78.00,77.00,77.00,76.00,77.00,81.00,75.00,76.00
2026-07-10T02,76.21,0.00,11.21,nws_hourly,75.00,77.00,75.00,79.00,78.00,76.00,76.00,77.00,77.00,75.00,75.00,79.00,74.00,74.00
2026-07-10T03,75.21,0.00,10.21,nws_hourly,74.00,76.00,74.00,78.00,77.00,74.00,75.00,76.00,76.00,75.00,74.00,78.00,73.00,73.00
2026-07-10T04,74.29,0.00,9.29,nws_hourly,73.00,76.00,74.00,77.00,75.00,72.00,74.00,75.00,76.00,74.00,73.00,77.00,72.00,72.00
2026-07-10T05,73.86,0.00,8.86,nws_hourly,73.00,76.00,73.00,76.00,75.00,71.00,72.00,75.00,76.00,74.00,73.00,76.00,72.00,72.00
2026-07-10T06,73.00,0.00,8.00,nws_hourly,71.00,74.00,73.00,75.00,75.00,71.00,70.00,74.00,75.00,74.00,72.00,76.00,71.00,71.00
2026-07-10T07,72.64,0.00,7.64,nws_hourly,71.00,74.00,73.00,74.00,75.00,71.00,69.00,74.00,75.00,73.00,71.00,75.00,71.00,71.00
2026-07-10T08,72.00,0.00,7.00,nws_hourly,70.00,73.00,72.00,73.00,75.00,70.00,68.00,73.00,75.00,73.00,71.00,74.00,71.00,70.00
2026-07-10T09,71.36,0.00,6.36,nws_hourly,69.00,72.00,72.00,73.00,74.00,69.00,67.00,73.00,74.00,73.00,70.00,73.00,70.00,70.00
2026-07-10T10,71.00,0.00,6.00,nws_hourly,70.00,72.00,72.00,73.00,73.00,67.00,67.00,72.00,73.00,73.00,70.00,73.00,69.00,70.00
2026-07-10T11,71.93,0.00,6.93,nws_hourly,71.00,74.00,74.00,74.00,73.00,68.00,69.00,73.00,74.00,74.00,71.00,74.00,69.00,69.00
2026-07-10T12,74.50,0.00,9.50,nws_hourly,74.00,76.00,76.00,76.00,76.00,70.00,73.00,77.00,76.00,76.00,75.00,77.00,70.00,71.00
2026-07-10T13,77.21,0.00,12.21,nws_hourly,77.00,79.00,79.00,79.00,79.00,74.00,79.00,79.00,77.00,78.00,78.00,80.00,71.00,72.00
2026-07-10T14,80.21,0.00,15.21,nws_hourly,80.00,82.00,82.00,81.00,83.00,76.00,83.00,82.00,79.00,81.00,81.00,84.00,73.00,76.00
2026-07-10T15,82.57,0.00,17.57,nws_hourly,82.00,84.00,85.00,82.00,86.00,78.00,86.00,85.00,81.00,85.00,83.00,87.00,75.00,77.00
2026-07-10T16,84.14,0.00,19.14,nws_hourly,84.00,86.00,86.00,83.00,88.00,79.00,88.00,86.00,82.00,86.00,84.00,89.00,77.00,80.00
2026-07-10T17,85.36,0.00,20.36,nws_hourly,85.00,88.00,87.00,84.00,89.00,80.00,89.00,87.00,83.00,88.00,85.00,91.00,78.00,81.00
2026-07-10T18,85.79,0.00,20.79,nws_hourly,86.00,88.00,88.00,83.00,90.00,80.00,89.00,87.00,83.00,88.00,85.00,92.00,80.00,82.00
2026-07-10T19,85.93,0.00,20.93,nws_hourly,85.00,88.00,87.00,83.00,89.00,80.00,88.00,87.00,84.00,88.00,85.00,93.00,82.00,84.00
2026-07-10T20,85.43,0.00,20.43,nws_hourly,85.00,87.00,86.00,81.00,89.00,81.00,87.00,87.00,83.00,87.00,84.00,94.00,83.00,82.00
2026-07-10T21,84.57,0.00,19.57,nws_hourly,84.00,86.00,85.00,80.00,87.00,81.00,85.00,86.00,83.00,87.00,83.00,93.00,83.00,81.00
2026-07-10T22,83.36,0.00,18.36,nws_hourly,83.00,84.00,83.00,79.00,86.00,80.00,84.00,85.00,82.00,85.00,82.00,91.00,82.00,81.00
2026-07-10T23,81.86,0.00,16.86,nws_hourly,81.00,83.00,82.00,78.00,84.00,79.00,82.00,83.00,81.00,83.00,81.00,90.00,80.00,79.00
2026-07-11T00,80.00,0.00,15.00,nws_hourly,80.00,81.00,80.00,77.00,82.00,77.00,79.00,81.00,80.00,82.00,80.00,86.00,78.00,77.00
2026-07-11T01,78.14,0.00,13.14,nws_hourly,78.00,80.00,78.00,76.00,80.00,74.00,76.00,81.00,80.00,80.00,78.00,83.00,75.00,75.00
2026-07-11T02,76.43,0.00,11.43,nws_hourly,76.00,78.00,76.00,75.00,78.00,73.00,74.00,79.00,80.00,78.00,76.00,81.00,72.00,74.00
2026-07-11T03,75.21,0.00,10.21,nws_hourly,75.00,77.00,75.00,74.00,77.00,71.00,72.00,78.00,79.00,77.00,75.00,80.00,70.00,73.00
2026-07-11T04,74.21,0.00,9.21,nws_hourly,74.00,76.00,74.00,73.00,76.00,70.00,70.00,77.00,79.00,76.00,74.00,79.00,69.00,72.00
2026-07-11T05,73.21,0.00,8.21,nws_hourly,73.00,75.00,74.00,73.00,75.00,69.00,69.00,75.00,78.00,75.00,73.00,77.00,68.00,71.00
2026-07-11T06,72.43,0.00,7.43,nws_hourly,73.00,74.00,73.00,72.00,75.00,68.00,67.00,74.00,78.00,74.00,72.00,77.00,67.00,70.00
2026-07-11T07,71.36,0.00,6.36,nws_hourly,72.00,73.00,72.00,71.00,74.00,67.00,65.00,73.00,77.00,73.00,71.00,76.00,65.00,70.00
2026-07-11T08,70.50,0.00,5.50,nws_hourly,71.00,72.00,72.00,70.00,74.00,66.00,64.00,72.00,76.00,72.00,70.00,75.00,64.00,69.00
2026-07-11T09,70.07,0.00,5.07,nws_hourly,71.00,72.00,72.00,69.00,74.00,65.00,63.00,72.00,75.00,72.00,70.00,74.00,63.00,69.00
2026-07-11T10,69.93,0.00,4.93,nws_hourly,70.00,72.00,71.00,69.00,74.00,66.00,64.00,72.00,74.00,71.00,70.00,73.00,64.00,69.00
2026-07-11T11,70.71,0.00,5.71,nws_hourly,71.00,73.00,72.00,70.00,74.00,67.00,65.00,73.00,73.00,72.00,71.00,75.00,65.00,69.00
2026-07-11T12,72.00,0.00,7.00,nws_hourly,72.00,74.00,74.00,71.00,75.00,68.00,68.00,74.00,73.00,74.00,72.00,76.00,67.00,70.00
2026-07-11T13,73.93,0.00,8.93,nws_hourly,73.00,76.00,76.00,73.00,77.00,70.00,72.00,76.00,74.00,76.00,73.00,78.00,69.00,72.00
2026-07-11T14,76.36,0.00,11.36,nws_hourly,75.00,79.00,78.00,74.00,79.00,73.00,77.00,79.00,75.00,79.00,75.00,80.00,72.00,74.00
2026-07-11T15,78.36,0.00,13.36,nws_hourly,77.00,81.00,81.00,75.00,81.00,75.00,81.00,81.00,76.00,81.00,76.00,82.00,74.00,76.00
2026-07-11T16,79.79,0.00,14.79,nws_hourly,78.00,82.00,82.00,76.00,83.00,77.00,83.00,82.00,77.00,82.00,77.00,84.00,76.00,78.00
2026-07-11T17,80.64,0.00,15.64,nws_hourly,78.00,83.00,83.00,76.00,84.00,78.00,84.00,83.00,77.00,83.00,78.00,85.00,78.00,79.00
2026-07-11T18,81.50,0.00,16.50,nws_hourly,79.00,83.00,85.00,76.00,85.00,79.00,84.00,83.00,78.00,85.00,78.00,86.00,80.00,80.00
2026-07-11T19,81.93,0.00,16.93,nws_hourly,79.00,84.00,85.00,76.00,85.00,80.00,84.00,84.00,78.00,85.00,78.00,86.00,81.00,82.00
2026-07-11T20,81.79,0.00,16.79,nws_hourly,79.00,83.00,84.00,76.00,85.00,80.00,84.00,85.00,78.00,84.00,77.00,87.00,81.00,82.00
2026-07-11T21,81.50,0.00,16.50,nws_hourly,79.00,83.00,83.00,76.00,85.00,79.00,83.00,84.00,78.00,84.00,77.00,86.00,81.00,83.00
2026-07-11T22,80.43,0.00,15.43,nws_hourly,78.00,82.00,82.00,75.00,84.00,78.00,81.00,83.00,78.00,82.00,76.00,85.00,80.00,82.00
2026-07-11T23,78.79,0.00,13.79,nws_hourly,76.00,81.00,80.00,74.00,82.00,76.00,78.00,81.00,78.00,80.00,75.00,84.00,78.00,80.00
2026-07-12T00,78.50,0.00,13.50,nws_hourly,78.00,82.00,79.00,74.00,82.00,77.00,77.00,79.00,80.00,79.00,78.00,80.00,76.00,78.00
2026-07-12T01,76.07,0.00,11.07,nws_hourly,75.00,79.00,77.00,73.00,79.00,74.00,74.00,77.00,79.00,77.00,75.00,77.00,73.00,76.00
2026-07-12T02,73.71,0.00,8.71,nws_hourly,72.00,76.00,74.00,71.00,77.00,72.00,71.00,75.00,77.00,76.00,71.00,76.00,70.00,74.00
2026-07-12T03,71.79,0.00,6.79,nws_hourly,69.00,74.00,73.00,70.00,75.00,70.00,68.00,74.00,76.00,74.00,69.00,74.00,67.00,72.00
2026-07-12T04,70.43,0.00,5.43,nws_hourly,67.00,73.00,72.00,69.00,74.00,68.00,66.00,73.00,75.00,73.00,68.00,73.00,65.00,70.00
2026-07-12T05,69.50,0.00,4.50,nws_hourly,66.00,72.00,71.00,69.00,73.00,67.00,64.00,73.00,74.00,72.00,67.00,73.00,63.00,69.00
2026-07-12T06,68.64,0.00,3.64,nws_hourly,65.00,72.00,71.00,68.00,72.00,66.00,63.00,72.00,73.00,71.00,66.00,72.00,62.00,68.00
2026-07-12T07,67.57,0.00,2.57,nws_hourly,64.00,71.00,70.00,67.00,71.00,65.00,61.00,71.00,72.00,70.00,65.00,71.00,61.00,67.00
2026-07-12T08,66.64,0.00,1.64,nws_hourly,62.00,70.00,69.00,66.00,71.00,64.00,60.00,70.00,71.00,69.00,63.00,70.00,61.00,67.00
2026-07-12T09,66.36,0.00,1.36,nws_hourly,62.00,70.00,69.00,65.00,71.00,64.00,60.00,69.00,71.00,69.00,63.00,69.00,61.00,66.00
2026-07-12T10,66.57,0.00,1.57,nws_hourly,62.00,70.00,69.00,65.00,71.00,65.00,60.00,69.00,71.00,69.00,64.00,69.00,62.00,66.00
2026-07-12T11,67.64,0.00,2.64,nws_hourly,63.00,71.00,70.00,66.00,71.00,66.00,62.00,70.00,71.00,70.00,66.00,71.00,64.00,66.00
2026-07-12T12,69.29,0.00,4.29,nws_hourly,65.00,72.00,71.00,68.00,72.00,68.00,65.00,71.00,72.00,72.00,68.00,72.00,66.00,68.00
2026-07-12T13,72.07,0.00,7.07,nws_hourly,69.00,74.00,74.00,71.00,74.00,71.00,70.00,73.00,74.00,74.00,71.00,74.00,69.00,71.00
2026-07-12T14,75.43,0.00,10.43,nws_hourly,73.00,77.00,76.00,74.00,77.00,75.00,76.00,76.00,76.00,76.00,75.00,77.00,73.00,75.00
2026-07-12T15,78.36,0.00,13.36,nws_hourly,77.00,80.00,79.00,76.00,80.00,78.00,81.00,78.00,78.00,79.00,78.00,79.00,76.00,78.00
2026-07-12T16,80.21,0.00,15.21,nws_hourly,80.00,82.00,81.00,77.00,82.00,79.00,83.00,79.00,79.00,80.00,80.00,81.00,79.00,81.00
2026-07-12T17,81.36,0.00,16.36,nws_hourly,82.00,83.00,82.00,77.00,82.00,80.00,85.00,80.00,80.00,82.00,81.00,82.00,81.00,82.00
2026-07-12T18,82.21,0.00,17.21,nws_hourly,83.00,83.00,83.00,77.00,83.00,80.00,85.00,81.00,81.00,83.00,82.00,83.00,83.00,84.00
2026-07-12T19,82.93,0.00,17.93,nws_hourly,84.00,83.00,83.00,78.00,84.00,80.00,86.00,82.00,82.00,84.00,83.00,83.00,84.00,85.00
2026-07-12T20,83.21,0.00,18.21,nws_hourly,84.00,83.00,83.00,78.00,84.00,81.00,87.00,82.00,82.00,84.00,83.00,84.00,85.00,85.00
2026-07-12T21,82.86,0.00,17.86,nws_hourly,83.00,83.00,83.00,78.00,84.00,80.00,86.00,82.00,82.00,83.00,82.00,84.00,85.00,85.00
2026-07-12T22,81.57,0.00,16.57,nws_hourly,81.00,82.00,81.00,77.00,84.00,78.00,84.00,81.00,81.00,82.00,81.00,82.00,84.00,84.00
2026-07-12T23,79.86,0.00,14.86,nws_hourly,79.00,81.00,79.00,76.00,83.00,76.00,81.00,80.00,80.00,80.00,78.00,81.00,82.00,82.00
2026-07-13T00,77.64,0.00,12.64,nws_hourly,76.00,79.00,77.00,75.00,81.00,74.00,78.00,79.00,78.00,78.00,76.00,78.00,79.00,79.00
2026-07-13T01,75.21,0.00,10.21,nws_hourly,74.00,77.00,75.00,73.00,78.00,72.00,74.00,77.00,77.00,76.00,73.00,75.00,76.00,76.00
2026-07-13T02,72.64,0.00,7.64,nws_hourly,71.00,74.00,73.00,72.00,75.00,70.00,71.00,75.00,75.00,73.00,70.00,73.00,72.00,73.00
2026-07-13T03,70.64,0.00,5.64,nws_hourly,69.00,72.00,71.00,70.00,72.00,69.00,68.00,73.00,74.00,71.00,68.00,72.00,69.00,71.00
2026-07-13T04,69.29,0.00,4.29,nws_hourly,67.00,71.00,70.00,69.00,71.00,68.00,66.00,72.00,73.00,70.00,66.00,71.00,67.00,69.00
2026-07-13T05,68.57,0.00,3.57,nws_hourly,66.00,70.00,69.00,68.00,70.00,67.00,65.00,72.00,73.00,69.00,66.00,70.00,67.00,68.00
2026-07-13T06,67.79,0.00,2.79,nws_hourly,65.00,70.00,68.00,68.00,70.00,66.00,64.00,71.00,72.00,68.00,65.00,69.00,66.00,67.00
2026-07-13T07,66.79,0.00,1.79,nws_hourly,64.00,69.00,67.00,67.00,69.00,65.00,62.00,70.00,71.00,67.00,64.00,68.00,65.00,67.00
2026-07-13T08,66.21,0.00,1.21,nws_hourly,63.00,68.00,66.00,67.00,68.00,65.00,61.00,69.00,70.00,67.00,64.00,68.00,64.00,67.00
2026-07-13T09,66.00,0.00,1.00,nws_hourly,63.00,68.00,66.00,67.00,68.00,65.00,61.00,68.00,70.00,66.00,64.00,66.00,64.00,68.00
2026-07-13T10,66.29,0.00,1.29,nws_hourly,63.00,68.00,67.00,67.00,68.00,66.00,62.00,68.00,70.00,67.00,65.00,66.00,64.00,67.00
2026-07-13T11,67.64,0.00,2.64,nws_hourly,65.00,69.00,69.00,68.00,69.00,68.00,64.00,69.00,71.00,68.00,66.00,68.00,66.00,67.00
2026-07-13T12,69.64,0.00,4.64,nws_hourly,67.00,71.00,71.00,70.00,71.00,70.00,67.00,71.00,72.00,70.00,69.00,70.00,68.00,68.00
2026-07-13T13,72.93,0.00,7.93,nws_hourly,71.00,74.00,74.00,73.00,74.00,73.00,73.00,74.00,74.00,73.00,73.00,73.00,71.00,71.00
2026-07-13T14,76.71,0.00,11.71,nws_hourly,76.00,77.00,76.00,78.00,77.00,77.00,79.00,78.00,77.00,76.00,77.00,76.00,75.00,75.00
2026-07-13T15,80.14,0.00,15.14,nws_hourly,80.00,80.00,79.00,81.00,80.00,80.00,84.00,81.00,80.00,79.00,81.00,79.00,79.00,79.00
2026-07-13T16,82.36,0.00,17.36,nws_hourly,83.00,82.00,81.00,83.00,82.00,82.00,87.00,83.00,81.00,81.00,83.00,81.00,82.00,82.00
2026-07-13T17,83.36,0.00,18.36,nws_hourly,84.00,82.00,82.00,84.00,83.00,83.00,88.00,84.00,82.00,82.00,84.00,82.00,84.00,83.00
2026-07-13T18,84.29,0.00,19.29,nws_hourly,85.00,83.00,83.00,84.00,84.00,84.00,88.00,84.00,83.00,84.00,85.00,83.00,86.00,84.00
2026-07-13T19,85.29,0.00,20.29,nws_hourly,86.00,84.00,84.00,85.00,85.00,85.00,89.00,85.00,84.00,85.00,85.00,84.00,88.00,85.00
2026-07-13T20,85.64,0.00,20.64,nws_hourly,86.00,84.00,85.00,86.00,85.00,85.00,89.00,85.00,85.00,85.00,85.00,85.00,89.00,85.00
2026-07-13T21,85.29,0.00,20.29,nws_hourly,85.00,84.00,84.00,86.00,85.00,84.00,89.00,85.00,85.00,85.00,84.00,84.00,89.00,85.00
2026-07-13T22,84.21,0.00,19.21,nws_hourly,83.00,84.00,83.00,85.00,84.00,83.00,87.00,84.00,84.00,84.00,83.00,83.00,88.00,84.00
2026-07-13T23,82.43,0.00,17.43,nws_hourly,81.00,83.00,81.00,82.00,83.00,81.00,85.00,83.00,82.00,82.00,81.00,81.00,86.00,83.00
2026-07-14T00,79.93,0.00,14.93,nws_hourly,78.00,81.00,78.00,80.00,81.00,79.00,82.00,81.00,80.00,79.00,79.00,78.00,83.00,80.00
2026-07-14T01,77.43,0.00,12.43,nws_hourly,75.00,78.00,76.00,78.00,78.00,77.00,79.00,79.00,78.00,77.00,77.00,75.00,80.00,77.00
2026-07-14T02,75.21,0.00,10.21,nws_hourly,73.00,76.00,74.00,76.00,75.00,75.00,76.00,78.00,77.00,75.00,74.00,73.00,77.00,74.00
2026-07-14T03,73.14,0.00,8.14,nws_hourly,71.00,73.00,72.00,75.00,73.00,73.00,73.00,76.00,76.00,73.00,72.00,72.00,74.00,71.00
2026-07-14T04,71.93,0.00,6.93,nws_hourly,70.00,71.00,71.00,74.00,72.00,72.00,71.00,75.00,76.00,72.00,71.00,71.00,72.00,69.00
2026-07-14T05,71.21,0.00,6.21,nws_hourly,69.00,71.00,70.00,74.00,71.00,72.00,70.00,74.00,75.00,71.00,70.00,70.00,72.00,68.00
2026-07-14T06,70.50,0.00,5.50,nws_hourly,68.00,70.00,69.00,73.00,71.00,71.00,69.00,73.00,75.00,70.00,70.00,69.00,71.00,68.00
2026-07-14T07,69.43,0.00,4.43,nws_hourly,67.00,69.00,68.00,72.00,70.00,70.00,67.00,72.00,74.00,69.00,69.00,68.00,70.00,67.00
2026-07-14T08,68.86,0.00,3.86,nws_hourly,66.00,69.00,68.00,71.00,70.00,69.00,66.00,71.00,73.00,69.00,68.00,68.00,69.00,67.00
2026-07-14T09,68.50,0.00,3.50,nws_hourly,66.00,69.00,68.00,71.00,70.00,68.00,66.00,71.00,72.00,69.00,68.00,66.00,69.00,66.00
2026-07-14T10,68.57,0.00,3.57,nws_hourly,66.00,69.00,69.00,71.00,70.00,68.00,66.00,71.00,72.00,69.00,68.00,66.00,69.00,66.00
2026-07-14T11,69.57,0.00,4.57,nws_hourly,68.00,70.00,70.00,71.00,71.00,70.00,68.00,71.00,73.00,70.00,69.00,68.00,69.00,66.00
2026-07-14T12,71.57,0.00,6.57,nws_hourly,70.00,72.00,72.00,72.00,73.00,72.00,71.00,73.00,74.00,72.00,71.00,71.00,71.00,68.00
2026-07-14T13,74.93,0.00,9.93,nws_hourly,74.00,75.00,75.00,75.00,76.00,75.00,76.00,76.00,77.00,75.00,75.00,74.00,74.00,72.00
2026-07-14T14,78.79,0.00,13.79,nws_hourly,78.00,79.00,78.00,79.00,80.00,79.00,81.00,80.00,80.00,78.00,79.00,78.00,77.00,77.00
2026-07-14T15,82.71,0.00,17.71,nws_hourly,82.00,83.00,82.00,83.00,84.00,82.00,86.00,84.00,83.00,82.00,83.00,81.00,81.00,82.00
2026-07-14T16,85.07,0.00,20.07,nws_hourly,85.00,85.00,84.00,85.00,86.00,84.00,89.00,86.00,86.00,84.00,85.00,84.00,84.00,84.00
2026-07-14T17,87.07,0.00,22.07,nws_hourly,87.00,87.00,86.00,87.00,87.00,86.00,91.00,88.00,88.00,86.00,87.00,86.00,87.00,86.00
2026-07-14T18,88.36,0.00,23.36,nws_hourly,89.00,88.00,88.00,88.00,88.00,87.00,92.00,89.00,89.00,88.00,88.00,87.00,89.00,87.00
2026-07-14T19,89.36,0.00,24.36,nws_hourly,90.00,89.00,88.00,89.00,89.00,88.00,93.00,90.00,90.00,89.00,89.00,88.00,91.00,88.00
2026-07-14T20,89.93,0.00,24.93,nws_hourly,90.00,90.00,89.00,90.00,89.00,88.00,94.00,90.00,90.00,90.00,89.00,89.00,92.00,89.00
2026-07-14T21,89.64,0.00,24.64,nws_hourly,89.00,90.00,88.00,90.00,89.00,88.00,94.00,90.00,90.00,89.00,89.00,88.00,92.00,89.00
2026-07-14T22,88.50,0.00,23.50,nws_hourly,87.00,89.00,87.00,89.00,88.00,87.00,92.00,89.00,89.00,88.00,88.00,87.00,91.00,88.00
2026-07-14T23,86.71,0.00,21.71,nws_hourly,85.00,88.00,85.00,86.00,87.00,84.00,90.00,88.00,88.00,87.00,86.00,85.00,89.00,86.00
2026-07-15T00,84.50,0.00,19.50,nws_hourly,82.00,86.00,83.00,84.00,85.00,82.00,87.00,87.00,87.00,85.00,84.00,82.00,86.00,83.00
2026-07-15T01,81.86,0.00,16.86,nws_hourly,80.00,83.00,81.00,82.00,82.00,80.00,84.00,85.00,85.00,82.00,81.00,78.00,83.00,80.00
2026-07-15T02,79.43,0.00,14.43,nws_hourly,78.00,80.00,78.00,80.00,79.00,78.00,81.00,83.00,84.00,80.00,78.00,77.00,80.00,76.00
2026-07-15T03,77.21,0.00,12.21,nws_hourly,76.00,77.00,77.00,78.00,77.00,76.00,78.00,81.00,82.00,78.00,76.00,75.00,77.00,73.00
2026-07-15T04,75.79,0.00,10.79,nws_hourly,74.00,76.00,75.00,77.00,75.00,75.00,76.00,80.00,81.00,77.00,75.00,74.00,75.00,71.00
2026-07-15T05,75.14,0.00,10.14,nws_hourly,73.00,75.00,74.00,77.00,75.00,74.00,75.00,80.00,81.00,76.00,75.00,73.00,74.00,70.00
2026-07-15T06,74.36,0.00,9.36,nws_hourly,72.00,75.00,73.00,77.00,74.00,73.00,74.00,79.00,80.00,75.00,75.00,72.00,73.00,69.00
2026-07-15T07,73.36,0.00,8.36,nws_hourly,71.00,74.00,72.00,76.00,73.00,72.00,73.00,77.00,79.00,74.00,74.00,71.00,72.00,69.00
2026-07-15T08,72.50,0.00,7.50,nws_hourly,70.00,73.00,72.00,75.00,73.00,71.00,71.00,76.00,78.00,73.00,73.00,71.00,71.00,68.00
2026-07-15T09,72.07,0.00,7.07,nws_hourly,70.00,72.00,72.00,75.00,73.00,71.00,71.00,75.00,77.00,73.00,72.00,69.00,71.00,68.00
2026-07-15T10,72.07,0.00,7.07,nws_hourly,70.00,72.00,72.00,75.00,73.00,71.00,71.00,75.00,77.00,73.00,72.00,69.00,71.00,68.00
2026-07-15T11,73.29,0.00,8.29,nws_hourly,72.00,73.00,74.00,75.00,74.00,73.00,72.00,76.00,77.00,75.00,74.00,71.00,72.00,68.00
2026-07-15T12,75.21,0.00,10.21,nws_hourly,74.00,75.00,76.00,77.00,76.00,75.00,74.00,78.00,78.00,77.00,76.00,74.00,73.00,70.00
2026-07-15T13,78.50,0.00,13.50,nws_hourly,78.00,79.00,79.00,80.00,79.00,78.00,79.00,81.00,81.00,79.00,80.00,78.00,75.00,73.00
2026-07-15T14,82.36,0.00,17.36,nws_hourly,82.00,83.00,82.00,84.00,83.00,82.00,84.00,85.00,84.00,82.00,84.00,82.00,78.00,78.00
2026-07-15T15,86.00,0.00,21.00,nws_hourly,86.00,87.00,85.00,87.00,87.00,86.00,89.00,88.00,87.00,85.00,88.00,85.00,81.00,83.00
2026-07-15T16,85.07,0.00,20.07,extended_from_nws_hourly_profile,85.00,85.00,84.00,85.00,86.00,84.00,89.00,86.00,86.00,84.00,85.00,84.00,84.00,84.00
2026-07-15T17,87.07,0.00,22.07,extended_from_nws_hourly_profile,87.00,87.00,86.00,87.00,87.00,86.00,91.00,88.00,88.00,86.00,87.00,86.00,87.00,86.00
2026-07-15T18,88.36,0.00,23.36,extended_from_nws_hourly_profile,89.00,88.00,88.00,88.00,88.00,87.00,92.00,89.00,89.00,88.00,88.00,87.00,89.00,87.00
2026-07-15T19,89.36,0.00,24.36,extended_from_nws_hourly_profile,90.00,89.00,88.00,89.00,89.00,88.00,93.00,90.00,90.00,89.00,89.00,88.00,91.00,88.00
2026-07-15T20,89.93,0.00,24.93,extended_from_nws_hourly_profile,90.00,90.00,89.00,90.00,89.00,88.00,94.00,90.00,90.00,90.00,89.00,89.00,92.00,89.00
2026-07-15T21,89.64,0.00,24.64,extended_from_nws_hourly_profile,89.00,90.00,88.00,90.00,89.00,88.00,94.00,90.00,90.00,89.00,89.00,88.00,92.00,89.00
2026-07-15T22,88.50,0.00,23.50,extended_from_nws_hourly_profile,87.00,89.00,87.00,89.00,88.00,87.00,92.00,89.00,89.00,88.00,88.00,87.00,91.00,88.00
2026-07-15T23,86.71,0.00,21.71,extended_from_nws_hourly_profile,85.00,88.00,85.00,86.00,87.00,84.00,90.00,88.00,88.00,87.00,86.00,85.00,89.00,86.00
2026-07-16T00,84.50,0.00,19.50,extended_from_nws_hourly_profile,82.00,86.00,83.00,84.00,85.00,82.00,87.00,87.00,87.00,85.00,84.00,82.00,86.00,83.00
2026-07-16T01,81.86,0.00,16.86,extended_from_nws_hourly_profile,80.00,83.00,81.00,82.00,82.00,80.00,84.00,85.00,85.00,82.00,81.00,78.00,83.00,80.00
2026-07-16T02,79.43,0.00,14.43,extended_from_nws_hourly_profile,78.00,80.00,78.00,80.00,79.00,78.00,81.00,83.00,84.00,80.00,78.00,77.00,80.00,76.00
2026-07-16T03,77.21,0.00,12.21,extended_from_nws_hourly_profile,76.00,77.00,77.00,78.00,77.00,76.00,78.00,81.00,82.00,78.00,76.00,75.00,77.00,73.00
2026-07-16T04,75.79,0.00,10.79,extended_from_nws_hourly_profile,74.00,76.00,75.00,77.00,75.00,75.00,76.00,80.00,81.00,77.00,75.00,74.00,75.00,71.00
2026-07-16T05,75.14,0.00,10.14,extended_from_nws_hourly_profile,73.00,75.00,74.00,77.00,75.00,74.00,75.00,80.00,81.00,76.00,75.00,73.00,74.00,70.00
2026-07-16T06,74.36,0.00,9.36,extended_from_nws_hourly_profile,72.00,75.00,73.00,77.00,74.00,73.00,74.00,79.00,80.00,75.00,75.00,72.00,73.00,69.00
2026-07-16T07,73.36,0.00,8.36,extended_from_nws_hourly_profile,71.00,74.00,72.00,76.00,73.00,72.00,73.00,77.00,79.00,74.00,74.00,71.00,72.00,69.00
2026-07-16T08,72.50,0.00,7.50,extended_from_nws_hourly_profile,70.00,73.00,72.00,75.00,73.00,71.00,71.00,76.00,78.00,73.00,73.00,71.00,71.00,68.00
2026-07-16T09,72.07,0.00,7.07,extended_from_nws_hourly_profile,70.00,72.00,72.00,75.00,73.00,71.00,71.00,75.00,77.00,73.00,72.00,69.00,71.00,68.00
2026-07-16T10,72.07,0.00,7.07,extended_from_nws_hourly_profile,70.00,72.00,72.00,75.00,73.00,71.00,71.00,75.00,77.00,73.00,72.00,69.00,71.00,68.00
2026-07-16T11,73.29,0.00,8.29,extended_from_nws_hourly_profile,72.00,73.00,74.00,75.00,74.00,73.00,72.00,76.00,77.00,75.00,74.00,71.00,72.00,68.00
2026-07-16T12,75.21,0.00,10.21,extended_from_nws_hourly_profile,74.00,75.00,76.00,77.00,76.00,75.00,74.00,78.00,78.00,77.00,76.00,74.00,73.00,70.00
2026-07-16T13,78.50,0.00,13.50,extended_from_nws_hourly_profile,78.00,79.00,79.00,80.00,79.00,78.00,79.00,81.00,81.00,79.00,80.00,78.00,75.00,73.00
2026-07-16T14,82.36,0.00,17.36,extended_from_nws_hourly_profile,82.00,83.00,82.00,84.00,83.00,82.00,84.00,85.00,84.00,82.00,84.00,82.00,78.00,78.00
2026-07-16T15,86.00,0.00,21.00,extended_from_nws_hourly_profile,86.00,87.00,85.00,87.00,87.00,86.00,89.00,88.00,87.00,85.00,88.00,85.00,81.00,83.00
2026-07-16T16,85.07,0.00,20.07,extended_from_nws_hourly_profile,85.00,85.00,84.00,85.00,86.00,84.00,89.00,86.00,86.00,84.00,85.00,84.00,84.00,84.00
2026-07-16T17,87.07,0.00,22.07,extended_from_nws_hourly_profile,87.00,87.00,86.00,87.00,87.00,86.00,91.00,88.00,88.00,86.00,87.00,86.00,87.00,86.00
2026-07-16T18,88.36,0.00,23.36,extended_from_nws_hourly_profile,89.00,88.00,88.00,88.00,88.00,87.00,92.00,89.00,89.00,88.00,88.00,87.00,89.00,87.00
2026-07-16T19,89.36,0.00,24.36,extended_from_nws_hourly_profile,90.00,89.00,88.00,89.00,89.00,88.00,93.00,90.00,90.00,89.00,89.00,88.00,91.00,88.00
2026-07-16T20,89.93,0.00,24.93,extended_from_nws_hourly_profile,90.00,90.00,89.00,90.00,89.00,88.00,94.00,90.00,90.00,90.00,89.00,89.00,92.00,89.00
2026-07-16T21,89.64,0.00,24.64,extended_from_nws_hourly_profile,89.00,90.00,88.00,90.00,89.00,88.00,94.00,90.00,90.00,89.00,89.00,88.00,92.00,89.00
2026-07-16T22,88.50,0.00,23.50,extended_from_nws_hourly_profile,87.00,89.00,87.00,89.00,88.00,87.00,92.00,89.00,89.00,88.00,88.00,87.00,91.00,88.00
2026-07-16T23,86.71,0.00,21.71,extended_from_nws_hourly_profile,85.00,88.00,85.00,86.00,87.00,84.00,90.00,88.00,88.00,87.00,86.00,85.00,89.00,86.00
2026-07-17T00,84.50,0.00,19.50,extended_from_nws_hourly_profile,82.00,86.00,83.00,84.00,85.00,82.00,87.00,87.00,87.00,85.00,84.00,82.00,86.00,83.00
2026-07-17T01,81.86,0.00,16.86,extended_from_nws_hourly_profile,80.00,83.00,81.00,82.00,82.00,80.00,84.00,85.00,85.00,82.00,81.00,78.00,83.00,80.00
2026-07-17T02,79.43,0.00,14.43,extended_from_nws_hourly_profile,78.00,80.00,78.00,80.00,79.00,78.00,81.00,83.00,84.00,80.00,78.00,77.00,80.00,76.00
2026-07-17T03,77.21,0.00,12.21,extended_from_nws_hourly_profile,76.00,77.00,77.00,78.00,77.00,76.00,78.00,81.00,82.00,78.00,76.00,75.00,77.00,73.00
2026-07-17T04,75.79,0.00,10.79,extended_from_nws_hourly_profile,74.00,76.00,75.00,77.00,75.00,75.00,76.00,80.00,81.00,77.00,75.00,74.00,75.00,71.00
2026-07-17T05,75.14,0.00,10.14,extended_from_nws_hourly_profile,73.00,75.00,74.00,77.00,75.00,74.00,75.00,80.00,81.00,76.00,75.00,73.00,74.00,70.00
2026-07-17T06,74.36,0.00,9.36,extended_from_nws_hourly_profile,72.00,75.00,73.00,77.00,74.00,73.00,74.00,79.00,80.00,75.00,75.00,72.00,73.00,69.00
2026-07-17T07,73.36,0.00,8.36,extended_from_nws_hourly_profile,71.00,74.00,72.00,76.00,73.00,72.00,73.00,77.00,79.00,74.00,74.00,71.00,72.00,69.00
2026-07-17T08,72.50,0.00,7.50,extended_from_nws_hourly_profile,70.00,73.00,72.00,75.00,73.00,71.00,71.00,76.00,78.00,73.00,73.00,71.00,71.00,68.00
2026-07-17T09,72.07,0.00,7.07,extended_from_nws_hourly_profile,70.00,72.00,72.00,75.00,73.00,71.00,71.00,75.00,77.00,73.00,72.00,69.00,71.00,68.00
2026-07-17T10,72.07,0.00,7.07,extended_from_nws_hourly_profile,70.00,72.00,72.00,75.00,73.00,71.00,71.00,75.00,77.00,73.00,72.00,69.00,71.00,68.00
2026-07-17T11,73.29,0.00,8.29,extended_from_nws_hourly_profile,72.00,73.00,74.00,75.00,74.00,73.00,72.00,76.00,77.00,75.00,74.00,71.00,72.00,68.00
2026-07-17T12,75.21,0.00,10.21,extended_from_nws_hourly_profile,74.00,75.00,76.00,77.00,76.00,75.00,74.00,78.00,78.00,77.00,76.00,74.00,73.00,70.00
2026-07-17T13,78.50,0.00,13.50,extended_from_nws_hourly_profile,78.00,79.00,79.00,80.00,79.00,78.00,79.00,81.00,81.00,79.00,80.00,78.00,75.00,73.00
2026-07-17T14,82.36,0.00,17.36,extended_from_nws_hourly_profile,82.00,83.00,82.00,84.00,83.00,82.00,84.00,85.00,84.00,82.00,84.00,82.00,78.00,78.00
2026-07-17T15,86.00,0.00,21.00,extended_from_nws_hourly_profile,86.00,87.00,85.00,87.00,87.00,86.00,89.00,88.00,87.00,85.00,88.00,85.00,81.00,83.00
2026-07-17T16,85.07,0.00,20.07,extended_from_nws_hourly_profile,85.00,85.00,84.00,85.00,86.00,84.00,89.00,86.00,86.00,84.00,85.00,84.00,84.00,84.00
2026-07-17T17,87.07,0.00,22.07,extended_from_nws_hourly_profile,87.00,87.00,86.00,87.00,87.00,86.00,91.00,88.00,88.00,86.00,87.00,86.00,87.00,86.00
2026-07-17T18,88.36,0.00,23.36,extended_from_nws_hourly_profile,89.00,88.00,88.00,88.00,88.00,87.00,92.00,89.00,89.00,88.00,88.00,87.00,89.00,87.00
2026-07-17T19,89.36,0.00,24.36,extended_from_nws_hourly_profile,90.00,89.00,88.00,89.00,89.00,88.00,93.00,90.00,90.00,89.00,89.00,88.00,91.00,88.00
2026-07-17T20,89.93,0.00,24.93,extended_from_nws_hourly_profile,90.00,90.00,89.00,90.00,89.00,88.00,94.00,90.00,90.00,90.00,89.00,89.00,92.00,89.00
2026-07-17T21,89.64,0.00,24.64,extended_from_nws_hourly_profile,89.00,90.00,88.00,90.00,89.00,88.00,94.00,90.00,90.00,89.00,89.00,88.00,92.00,89.00
2026-07-17T22,88.50,0.00,23.50,extended_from_nws_hourly_profile,87.00,89.00,87.00,89.00,88.00,87.00,92.00,89.00,89.00,88.00,88.00,87.00,91.00,88.00
2026-07-17T23,86.71,0.00,21.71,extended_from_nws_hourly_profile,85.00,88.00,85.00,86.00,87.00,84.00,90.00,88.00,88.00,87.00,86.00,85.00,89.00,86.00
2026-07-18T00,84.50,0.00,19.50,extended_from_nws_hourly_profile,82.00,86.00,83.00,84.00,85.00,82.00,87.00,87.00,87.00,85.00,84.00,82.00,86.00,83.00
2026-07-18T01,81.86,0.00,16.86,extended_from_nws_hourly_profile,80.00,83.00,81.00,82.00,82.00,80.00,84.00,85.00,85.00,82.00,81.00,78.00,83.00,80.00
2026-07-18T02,79.43,0.00,14.43,extended_from_nws_hourly_profile,78.00,80.00,78.00,80.00,79.00,78.00,81.00,83.00,84.00,80.00,78.00,77.00,80.00,76.00
2026-07-18T03,77.21,0.00,12.21,extended_from_nws_hourly_profile,76.00,77.00,77.00,78.00,77.00,76.00,78.00,81.00,82.00,78.00,76.00,75.00,77.00,73.00
2026-07-18T04,75.79,0.00,10.79,extended_from_nws_hourly_profile,74.00,76.00,75.00,77.00,75.00,75.00,76.00,80.00,81.00,77.00,75.00,74.00,75.00,71.00
2026-07-18T05,75.14,0.00,10.14,extended_from_nws_hourly_profile,73.00,75.00,74.00,77.00,75.00,74.00,75.00,80.00,81.00,76.00,75.00,73.00,74.00,70.00
2026-07-18T06,74.36,0.00,9.36,extended_from_nws_hourly_profile,72.00,75.00,73.00,77.00,74.00,73.00,74.00,79.00,80.00,75.00,75.00,72.00,73.00,69.00
2026-07-18T07,73.36,0.00,8.36,extended_from_nws_hourly_profile,71.00,74.00,72.00,76.00,73.00,72.00,73.00,77.00,79.00,74.00,74.00,71.00,72.00,69.00
2026-07-18T08,72.50,0.00,7.50,extended_from_nws_hourly_profile,70.00,73.00,72.00,75.00,73.00,71.00,71.00,76.00,78.00,73.00,73.00,71.00,71.00,68.00
2026-07-18T09,72.07,0.00,7.07,extended_from_nws_hourly_profile,70.00,72.00,72.00,75.00,73.00,71.00,71.00,75.00,77.00,73.00,72.00,69.00,71.00,68.00
2026-07-18T10,72.07,0.00,7.07,extended_from_nws_hourly_profile,70.00,72.00,72.00,75.00,73.00,71.00,71.00,75.00,77.00,73.00,72.00,69.00,71.00,68.00
2026-07-18T11,73.29,0.00,8.29,extended_from_nws_hourly_profile,72.00,73.00,74.00,75.00,74.00,73.00,72.00,76.00,77.00,75.00,74.00,71.00,72.00,68.00
2026-07-18T12,75.21,0.00,10.21,extended_from_nws_hourly_profile,74.00,75.00,76.00,77.00,76.00,75.00,74.00,78.00,78.00,77.00,76.00,74.00,73.00,70.00
2026-07-18T13,78.50,0.00,13.50,extended_from_nws_hourly_profile,78.00,79.00,79.00,80.00,79.00,78.00,79.00,81.00,81.00,79.00,80.00,78.00,75.00,73.00
2026-07-18T14,82.36,0.00,17.36,extended_from_nws_hourly_profile,82.00,83.00,82.00,84.00,83.00,82.00,84.00,85.00,84.00,82.00,84.00,82.00,78.00,78.00
2026-07-18T15,86.00,0.00,21.00,extended_from_nws_hourly_profile,86.00,87.00,85.00,87.00,87.00,86.00,89.00,88.00,87.00,85.00,88.00,85.00,81.00,83.00
2026-07-18T16,85.07,0.00,20.07,extended_from_nws_hourly_profile,85.00,85.00,84.00,85.00,86.00,84.00,89.00,86.00,86.00,84.00,85.00,84.00,84.00,84.00
2026-07-18T17,87.07,0.00,22.07,extended_from_nws_hourly_profile,87.00,87.00,86.00,87.00,87.00,86.00,91.00,88.00,88.00,86.00,87.00,86.00,87.00,86.00
2026-07-18T18,88.36,0.00,23.36,extended_from_nws_hourly_profile,89.00,88.00,88.00,88.00,88.00,87.00,92.00,89.00,89.00,88.00,88.00,87.00,89.00,87.00
2026-07-18T19,89.36,0.00,24.36,extended_from_nws_hourly_profile,90.00,89.00,88.00,89.00,89.00,88.00,93.00,90.00,90.00,89.00,89.00,88.00,91.00,88.00
2026-07-18T20,89.93,0.00,24.93,extended_from_nws_hourly_profile,90.00,90.00,89.00,90.00,89.00,88.00,94.00,90.00,90.00,90.00,89.00,89.00,92.00,89.00
2026-07-18T21,89.64,0.00,24.64,extended_from_nws_hourly_profile,89.00,90.00,88.00,90.00,89.00,88.00,94.00,90.00,90.00,89.00,89.00,88.00,92.00,89.00
2026-07-18T22,88.50,0.00,23.50,extended_from_nws_hourly_profile,87.00,89.00,87.00,89.00,88.00,87.00,92.00,89.00,89.00,88.00,88.00,87.00,91.00,88.00
2026-07-18T23,86.71,0.00,21.71,extended_from_nws_hourly_profile,85.00,88.00,85.00,86.00,87.00,84.00,90.00,88.00,88.00,87.00,86.00,85.00,89.00,86.00
2026-07-19T00,84.50,0.00,19.50,extended_from_nws_hourly_profile,82.00,86.00,83.00,84.00,85.00,82.00,87.00,87.00,87.00,85.00,84.00,82.00,86.00,83.00
2026-07-19T01,81.86,0.00,16.86,extended_from_nws_hourly_profile,80.00,83.00,81.00,82.00,82.00,80.00,84.00,85.00,85.00,82.00,81.00,78.00,83.00,80.00
2026-07-19T02,79.43,0.00,14.43,extended_from_nws_hourly_profile,78.00,80.00,78.00,80.00,79.00,78.00,81.00,83.00,84.00,80.00,78.00,77.00,80.00,76.00
2026-07-19T03,77.21,0.00,12.21,extended_from_nws_hourly_profile,76.00,77.00,77.00,78.00,77.00,76.00,78.00,81.00,82.00,78.00,76.00,75.00,77.00,73.00
2026-07-19T04,75.79,0.00,10.79,extended_from_nws_hourly_profile,74.00,76.00,75.00,77.00,75.00,75.00,76.00,80.00,81.00,77.00,75.00,74.00,75.00,71.00
2026-07-19T05,75.14,0.00,10.14,extended_from_nws_hourly_profile,73.00,75.00,74.00,77.00,75.00,74.00,75.00,80.00,81.00,76.00,75.00,73.00,74.00,70.00
2026-07-19T06,74.36,0.00,9.36,extended_from_nws_hourly_profile,72.00,75.00,73.00,77.00,74.00,73.00,74.00,79.00,80.00,75.00,75.00,72.00,73.00,69.00
2026-07-19T07,73.36,0.00,8.36,extended_from_nws_hourly_profile,71.00,74.00,72.00,76.00,73.00,72.00,73.00,77.00,79.00,74.00,74.00,71.00,72.00,69.00
2026-07-19T08,72.50,0.00,7.50,extended_from_nws_hourly_profile,70.00,73.00,72.00,75.00,73.00,71.00,71.00,76.00,78.00,73.00,73.00,71.00,71.00,68.00
2026-07-19T09,72.07,0.00,7.07,extended_from_nws_hourly_profile,70.00,72.00,72.00,75.00,73.00,71.00,71.00,75.00,77.00,73.00,72.00,69.00,71.00,68.00
2026-07-19T10,72.07,0.00,7.07,extended_from_nws_hourly_profile,70.00,72.00,72.00,75.00,73.00,71.00,71.00,75.00,77.00,73.00,72.00,69.00,71.00,68.00
2026-07-19T11,73.29,0.00,8.29,extended_from_nws_hourly_profile,72.00,73.00,74.00,75.00,74.00,73.00,72.00,76.00,77.00,75.00,74.00,71.00,72.00,68.00
2026-07-19T12,75.21,0.00,10.21,extended_from_nws_hourly_profile,74.00,75.00,76.00,77.00,76.00,75.00,74.00,78.00,78.00,77.00,76.00,74.00,73.00,70.00
2026-07-19T13,78.50,0.00,13.50,extended_from_nws_hourly_profile,78.00,79.00,79.00,80.00,79.00,78.00,79.00,81.00,81.00,79.00,80.00,78.00,75.00,73.00
2026-07-19T14,82.36,0.00,17.36,extended_from_nws_hourly_profile,82.00,83.00,82.00,84.00,83.00,82.00,84.00,85.00,84.00,82.00,84.00,82.00,78.00,78.00
2026-07-19T15,86.00,0.00,21.00,extended_from_nws_hourly_profile,86.00,87.00,85.00,87.00,87.00,86.00,89.00,88.00,87.00,85.00,88.00,85.00,81.00,83.00
2026-07-19T16,85.07,0.00,20.07,extended_from_nws_hourly_profile,85.00,85.00,84.00,85.00,86.00,84.00,89.00,86.00,86.00,84.00,85.00,84.00,84.00,84.00
2026-07-19T17,87.07,0.00,22.07,extended_from_nws_hourly_profile,87.00,87.00,86.00,87.00,87.00,86.00,91.00,88.00,88.00,86.00,87.00,86.00,87.00,86.00
2026-07-19T18,88.36,0.00,23.36,extended_from_nws_hourly_profile,89.00,88.00,88.00,88.00,88.00,87.00,92.00,89.00,89.00,88.00,88.00,87.00,89.00,87.00
2026-07-19T19,89.36,0.00,24.36,extended_from_nws_hourly_profile,90.00,89.00,88.00,89.00,89.00,88.00,93.00,90.00,90.00,89.00,89.00,88.00,91.00,88.00
2026-07-19T20,89.93,0.00,24.93,extended_from_nws_hourly_profile,90.00,90.00,89.00,90.00,89.00,88.00,94.00,90.00,90.00,90.00,89.00,89.00,92.00,89.00
2026-07-19T21,89.64,0.00,24.64,extended_from_nws_hourly_profile,89.00,90.00,88.00,90.00,89.00,88.00,94.00,90.00,90.00,89.00,89.00,88.00,92.00,89.00
2026-07-19T22,88.50,0.00,23.50,extended_from_nws_hourly_profile,87.00,89.00,87.00,89.00,88.00,87.00,92.00,89.00,89.00,88.00,88.00,87.00,91.00,88.00
2026-07-19T23,86.71,0.00,21.71,extended_from_nws_hourly_profile,85.00,88.00,85.00,86.00,87.00,84.00,90.00,88.00,88.00,87.00,86.00,85.00,89.00,86.00
2026-07-20T00,84.50,0.00,19.50,extended_from_nws_hourly_profile,82.00,86.00,83.00,84.00,85.00,82.00,87.00,87.00,87.00,85.00,84.00,82.00,86.00,83.00
2026-07-20T01,81.86,0.00,16.86,extended_from_nws_hourly_profile,80.00,83.00,81.00,82.00,82.00,80.00,84.00,85.00,85.00,82.00,81.00,78.00,83.00,80.00
2026-07-20T02,79.43,0.00,14.43,extended_from_nws_hourly_profile,78.00,80.00,78.00,80.00,79.00,78.00,81.00,83.00,84.00,80.00,78.00,77.00,80.00,76.00
2026-07-20T03,77.21,0.00,12.21,extended_from_nws_hourly_profile,76.00,77.00,77.00,78.00,77.00,76.00,78.00,81.00,82.00,78.00,76.00,75.00,77.00,73.00
2026-07-20T04,75.79,0.00,10.79,extended_from_nws_hourly_profile,74.00,76.00,75.00,77.00,75.00,75.00,76.00,80.00,81.00,77.00,75.00,74.00,75.00,71.00
2026-07-20T05,75.14,0.00,10.14,extended_from_nws_hourly_profile,73.00,75.00,74.00,77.00,75.00,74.00,75.00,80.00,81.00,76.00,75.00,73.00,74.00,70.00
2026-07-20T06,74.36,0.00,9.36,extended_from_nws_hourly_profile,72.00,75.00,73.00,77.00,74.00,73.00,74.00,79.00,80.00,75.00,75.00,72.00,73.00,69.00
2026-07-20T07,73.36,0.00,8.36,extended_from_nws_hourly_profile,71.00,74.00,72.00,76.00,73.00,72.00,73.00,77.00,79.00,74.00,74.00,71.00,72.00,69.00
2026-07-20T08,72.50,0.00,7.50,extended_from_nws_hourly_profile,70.00,73.00,72.00,75.00,73.00,71.00,71.00,76.00,78.00,73.00,73.00,71.00,71.00,68.00
2026-07-20T09,72.07,0.00,7.07,extended_from_nws_hourly_profile,70.00,72.00,72.00,75.00,73.00,71.00,71.00,75.00,77.00,73.00,72.00,69.00,71.00,68.00
2026-07-20T10,72.07,0.00,7.07,extended_from_nws_hourly_profile,70.00,72.00,72.00,75.00,73.00,71.00,71.00,75.00,77.00,73.00,72.00,69.00,71.00,68.00
2026-07-20T11,73.29,0.00,8.29,extended_from_nws_hourly_profile,72.00,73.00,74.00,75.00,74.00,73.00,72.00,76.00,77.00,75.00,74.00,71.00,72.00,68.00
2026-07-20T12,75.21,0.00,10.21,extended_from_nws_hourly_profile,74.00,75.00,76.00,77.00,76.00,75.00,74.00,78.00,78.00,77.00,76.00,74.00,73.00,70.00
2026-07-20T13,78.50,0.00,13.50,extended_from_nws_hourly_profile,78.00,79.00,79.00,80.00,79.00,78.00,79.00,81.00,81.00,79.00,80.00,78.00,75.00,73.00
2026-07-20T14,82.36,0.00,17.36,extended_from_nws_hourly_profile,82.00,83.00,82.00,84.00,83.00,82.00,84.00,85.00,84.00,82.00,84.00,82.00,78.00,78.00
2026-07-20T15,86.00,0.00,21.00,extended_from_nws_hourly_profile,86.00,87.00,85.00,87.00,87.00,86.00,89.00,88.00,87.00,85.00,88.00,85.00,81.00,83.00
2026-07-20T16,85.07,0.00,20.07,extended_from_nws_hourly_profile,85.00,85.00,84.00,85.00,86.00,84.00,89.00,86.00,86.00,84.00,85.00,84.00,84.00,84.00
2026-07-20T17,87.07,0.00,22.07,extended_from_nws_hourly_profile,87.00,87.00,86.00,87.00,87.00,86.00,91.00,88.00,88.00,86.00,87.00,86.00,87.00,86.00
2026-07-20T18,88.36,0.00,23.36,extended_from_nws_hourly_profile,89.00,88.00,88.00,88.00,88.00,87.00,92.00,89.00,89.00,88.00,88.00,87.00,89.00,87.00
2026-07-20T19,89.36,0.00,24.36,extended_from_nws_hourly_profile,90.00,89.00,88.00,89.00,89.00,88.00,93.00,90.00,90.00,89.00,89.00,88.00,91.00,88.00
2026-07-20T20,89.93,0.00,24.93,extended_from_nws_hourly_profile,90.00,90.00,89.00,90.00,89.00,88.00,94.00,90.00,90.00,90.00,89.00,89.00,92.00,89.00
2026-07-20T21,89.64,0.00,24.64,extended_from_nws_hourly_profile,89.00,90.00,88.00,90.00,89.00,88.00,94.00,90.00,90.00,89.00,89.00,88.00,92.00,89.00
2026-07-20T22,88.50,0.00,23.50,extended_from_nws_hourly_profile,87.00,89.00,87.00,89.00,88.00,87.00,92.00,89.00,89.00,88.00,88.00,87.00,91.00,88.00
2026-07-20T23,86.71,0.00,21.71,extended_from_nws_hourly_profile,85.00,88.00,85.00,86.00,87.00,84.00,90.00,88.00,88.00,87.00,86.00,85.00,89.00,86.00
2026-07-21T00,84.50,0.00,19.50,extended_from_nws_hourly_profile,82.00,86.00,83.00,84.00,85.00,82.00,87.00,87.00,87.00,85.00,84.00,82.00,86.00,83.00
2026-07-21T01,81.86,0.00,16.86,extended_from_nws_hourly_profile,80.00,83.00,81.00,82.00,82.00,80.00,84.00,85.00,85.00,82.00,81.00,78.00,83.00,80.00
2026-07-21T02,79.43,0.00,14.43,extended_from_nws_hourly_profile,78.00,80.00,78.00,80.00,79.00,78.00,81.00,83.00,84.00,80.00,78.00,77.00,80.00,76.00
2026-07-21T03,77.21,0.00,12.21,extended_from_nws_hourly_profile,76.00,77.00,77.00,78.00,77.00,76.00,78.00,81.00,82.00,78.00,76.00,75.00,77.00,73.00
2026-07-21T04,75.79,0.00,10.79,extended_from_nws_hourly_profile,74.00,76.00,75.00,77.00,75.00,75.00,76.00,80.00,81.00,77.00,75.00,74.00,75.00,71.00
2026-07-21T05,75.14,0.00,10.14,extended_from_nws_hourly_profile,73.00,75.00,74.00,77.00,75.00,74.00,75.00,80.00,81.00,76.00,75.00,73.00,74.00,70.00
2026-07-21T06,74.36,0.00,9.36,extended_from_nws_hourly_profile,72.00,75.00,73.00,77.00,74.00,73.00,74.00,79.00,80.00,75.00,75.00,72.00,73.00,69.00
2026-07-21T07,73.36,0.00,8.36,extended_from_nws_hourly_profile,71.00,74.00,72.00,76.00,73.00,72.00,73.00,77.00,79.00,74.00,74.00,71.00,72.00,69.00
2026-07-21T08,72.50,0.00,7.50,extended_from_nws_hourly_profile,70.00,73.00,72.00,75.00,73.00,71.00,71.00,76.00,78.00,73.00,73.00,71.00,71.00,68.00
2026-07-21T09,72.07,0.00,7.07,extended_from_nws_hourly_profile,70.00,72.00,72.00,75.00,73.00,71.00,71.00,75.00,77.00,73.00,72.00,69.00,71.00,68.00
2026-07-21T10,72.07,0.00,7.07,extended_from_nws_hourly_profile,70.00,72.00,72.00,75.00,73.00,71.00,71.00,75.00,77.00,73.00,72.00,69.00,71.00,68.00
2026-07-21T11,73.29,0.00,8.29,extended_from_nws_hourly_profile,72.00,73.00,74.00,75.00,74.00,73.00,72.00,76.00,77.00,75.00,74.00,71.00,72.00,68.00
2026-07-21T12,75.21,0.00,10.21,extended_from_nws_hourly_profile,74.00,75.00,76.00,77.00,76.00,75.00,74.00,78.00,78.00,77.00,76.00,74.00,73.00,70.00
2026-07-21T13,78.50,0.00,13.50,extended_from_nws_hourly_profile,78.00,79.00,79.00,80.00,79.00,78.00,79.00,81.00,81.00,79.00,80.00,78.00,75.00,73.00
2026-07-21T14,82.36,0.00,17.36,extended_from_nws_hourly_profile,82.00,83.00,82.00,84.00,83.00,82.00,84.00,85.00,84.00,82.00,84.00,82.00,78.00,78.00
2026-07-21T15,86.00,0.00,21.00,extended_from_nws_hourly_profile,86.00,87.00,85.00,87.00,87.00,86.00,89.00,88.00,87.00,85.00,88.00,85.00,81.00,83.00
2026-07-21T16,85.07,0.00,20.07,extended_from_nws_hourly_profile,85.00,85.00,84.00,85.00,86.00,84.00,89.00,86.00,86.00,84.00,85.00,84.00,84.00,84.00
2026-07-21T17,87.07,0.00,22.07,extended_from_nws_hourly_profile,87.00,87.00,86.00,87.00,87.00,86.00,91.00,88.00,88.00,86.00,87.00,86.00,87.00,86.00
2026-07-21T18,88.36,0.00,23.36,extended_from_nws_hourly_profile,89.00,88.00,88.00,88.00,88.00,87.00,92.00,89.00,89.00,88.00,88.00,87.00,89.00,87.00
2026-07-21T19,89.36,0.00,24.36,extended_from_nws_hourly_profile,90.00,89.00,88.00,89.00,89.00,88.00,93.00,90.00,90.00,89.00,89.00,88.00,91.00,88.00
2026-07-21T20,89.93,0.00,24.93,extended_from_nws_hourly_profile,90.00,90.00,89.00,90.00,89.00,88.00,94.00,90.00,90.00,90.00,89.00,89.00,92.00,89.00
2026-07-21T21,89.64,0.00,24.64,extended_from_nws_hourly_profile,89.00,90.00,88.00,90.00,89.00,88.00,94.00,90.00,90.00,89.00,89.00,88.00,92.00,89.00
2026-07-21T22,88.50,0.00,23.50,extended_from_nws_hourly_profile,87.00,89.00,87.00,89.00,88.00,87.00,92.00,89.00,89.00,88.00,88.00,87.00,91.00,88.00
2026-07-21T23,86.71,0.00,21.71,extended_from_nws_hourly_profile,85.00,88.00,85.00,86.00,87.00,84.00,90.00,88.00,88.00,87.00,86.00,85.00,89.00,86.00
2026-07-22T00,84.50,0.00,19.50,extended_from_nws_hourly_profile,82.00,86.00,83.00,84.00,85.00,82.00,87.00,87.00,87.00,85.00,84.00,82.00,86.00,83.00
2026-07-22T01,81.86,0.00,16.86,extended_from_nws_hourly_profile,80.00,83.00,81.00,82.00,82.00,80.00,84.00,85.00,85.00,82.00,81.00,78.00,83.00,80.00
2026-07-22T02,79.43,0.00,14.43,extended_from_nws_hourly_profile,78.00,80.00,78.00,80.00,79.00,78.00,81.00,83.00,84.00,80.00,78.00,77.00,80.00,76.00
2026-07-22T03,77.21,0.00,12.21,extended_from_nws_hourly_profile,76.00,77.00,77.00,78.00,77.00,76.00,78.00,81.00,82.00,78.00,76.00,75.00,77.00,73.00
2026-07-22T04,75.79,0.00,10.79,extended_from_nws_hourly_profile,74.00,76.00,75.00,77.00,75.00,75.00,76.00,80.00,81.00,77.00,75.00,74.00,75.00,71.00
2026-07-22T05,75.14,0.00,10.14,extended_from_nws_hourly_profile,73.00,75.00,74.00,77.00,75.00,74.00,75.00,80.00,81.00,76.00,75.00,73.00,74.00,70.00
2026-07-22T06,74.36,0.00,9.36,extended_from_nws_hourly_profile,72.00,75.00,73.00,77.00,74.00,73.00,74.00,79.00,80.00,75.00,75.00,72.00,73.00,69.00
2026-07-22T07,73.36,0.00,8.36,extended_from_nws_hourly_profile,71.00,74.00,72.00,76.00,73.00,72.00,73.00,77.00,79.00,74.00,74.00,71.00,72.00,69.00
2026-07-22T08,72.50,0.00,7.50,extended_from_nws_hourly_profile,70.00,73.00,72.00,75.00,73.00,71.00,71.00,76.00,78.00,73.00,73.00,71.00,71.00,68.00
2026-07-22T09,72.07,0.00,7.07,extended_from_nws_hourly_profile,70.00,72.00,72.00,75.00,73.00,71.00,71.00,75.00,77.00,73.00,72.00,69.00,71.00,68.00
2026-07-22T10,72.07,0.00,7.07,extended_from_nws_hourly_profile,70.00,72.00,72.00,75.00,73.00,71.00,71.00,75.00,77.00,73.00,72.00,69.00,71.00,68.00
2026-07-22T11,73.29,0.00,8.29,extended_from_nws_hourly_profile,72.00,73.00,74.00,75.00,74.00,73.00,72.00,76.00,77.00,75.00,74.00,71.00,72.00,68.00
2026-07-22T12,75.21,0.00,10.21,extended_from_nws_hourly_profile,74.00,75.00,76.00,77.00,76.00,75.00,74.00,78.00,78.00,77.00,76.00,74.00,73.00,70.00
2026-07-22T13,78.50,0.00,13.50,extended_from_nws_hourly_profile,78.00,79.00,79.00,80.00,79.00,78.00,79.00,81.00,81.00,79.00,80.00,78.00,75.00,73.00
2026-07-22T14,82.36,0.00,17.36,extended_from_nws_hourly_profile,82.00,83.00,82.00,84.00,83.00,82.00,84.00,85.00,84.00,82.00,84.00,82.00,78.00,78.00
2026-07-22T15,86.00,0.00,21.00,extended_from_nws_hourly_profile,86.00,87.00,85.00,87.00,87.00,86.00,89.00,88.00,87.00,85.00,88.00,85.00,81.00,83.00
2026-07-22T16,85.07,0.00,20.07,extended_from_nws_hourly_profile,85.00,85.00,84.00,85.00,86.00,84.00,89.00,86.00,86.00,84.00,85.00,84.00,84.00,84.00
2026-07-22T17,87.07,0.00,22.07,extended_from_nws_hourly_profile,87.00,87.00,86.00,87.00,87.00,86.00,91.00,88.00,88.00,86.00,87.00,86.00,87.00,86.00
2026-07-22T18,88.36,0.00,23.36,extended_from_nws_hourly_profile,89.00,88.00,88.00,88.00,88.00,87.00,92.00,89.00,89.00,88.00,88.00,87.00,89.00,87.00
2026-07-22T19,89.36,0.00,24.36,extended_from_nws_hourly_profile,90.00,89.00,88.00,89.00,89.00,88.00,93.00,90.00,90.00,89.00,89.00,88.00,91.00,88.00
2026-07-22T20,89.93,0.00,24.93,extended_from_nws_hourly_profile,90.00,90.00,89.00,90.00,89.00,88.00,94.00,90.00,90.00,90.00,89.00,89.00,92.00,89.00
2026-07-22T21,89.64,0.00,24.64,extended_from_nws_hourly_profile,89.00,90.00,88.00,90.00,89.00,88.00,94.00,90.00,90.00,89.00,89.00,88.00,92.00,89.00
2026-07-22T22,88.50,0.00,23.50,extended_from_nws_hourly_profile,87.00,89.00,87.00,89.00,88.00,87.00,92.00,89.00,89.00,88.00,88.00,87.00,91.00,88.00
2026-07-22T23,86.71,0.00,21.71,extended_from_nws_hourly_profile,85.00,88.00,85.00,86.00,87.00,84.00,90.00,88.00,88.00,87.00,86.00,85.00,89.00,86.00
2026-07-23T00,84.50,0.00,19.50,extended_from_nws_hourly_profile,82.00,86.00,83.00,84.00,85.00,82.00,87.00,87.00,87.00,85.00,84.00,82.00,86.00,83.00
2026-07-23T01,81.86,0.00,16.86,extended_from_nws_hourly_profile,80.00,83.00,81.00,82.00,82.00,80.00,84.00,85.00,85.00,82.00,81.00,78.00,83.00,80.00
2026-07-23T02,79.43,0.00,14.43,extended_from_nws_hourly_profile,78.00,80.00,78.00,80.00,79.00,78.00,81.00,83.00,84.00,80.00,78.00,77.00,80.00,76.00
2026-07-23T03,77.21,0.00,12.21,extended_from_nws_hourly_profile,76.00,77.00,77.00,78.00,77.00,76.00,78.00,81.00,82.00,78.00,76.00,75.00,77.00,73.00
