week_ending,commodity,imports_total_kbd,imports_canada_kbd,imports_latin_america_kbd,imports_europe_kbd,imports_asia_kbd,imports_middle_east_kbd,imports_africa_kbd,imports_other_kbd,exports_total_kbd,exports_canada_kbd,exports_latin_america_kbd,exports_europe_kbd,exports_asia_kbd,exports_middle_east_kbd,exports_africa_kbd,exports_other_kbd,net_imports_kbd,net_exports_kbd
2018-01-12,gasoline,397.0,0.0,0.0,0.0,0.0,0.0,0.0,397.0,1031.516,0.0,0.0,0.0,0.0,0.0,0.0,1031.516,-634.5160000000002,634.5160000000002
2018-01-19,gasoline,575.0,0.0,0.0,0.0,0.0,0.0,0.0,575.0,1031.516,0.0,0.0,0.0,0.0,0.0,0.0,1031.516,-456.5160000000001,456.5160000000001
2018-01-26,gasoline,510.0,0.0,0.0,0.0,0.0,0.0,0.0,510.0,1031.516,0.0,0.0,0.0,0.0,0.0,0.0,1031.516,-521.5160000000001,521.5160000000001
2018-02-02,gasoline,746.0,0.0,0.0,0.0,0.0,0.0,0.0,746.0,1026.9197142857142,0.0,0.0,0.0,0.0,0.0,0.0,1026.9197142857142,-280.91971428571435,280.91971428571435
2018-02-09,gasoline,638.0,0.0,0.0,0.0,0.0,0.0,0.0,638.0,1015.4290000000001,0.0,0.0,0.0,0.0,0.0,0.0,1015.4290000000001,-377.4290000000001,377.4290000000001
2018-02-16,gasoline,350.0,0.0,0.0,0.0,0.0,0.0,0.0,350.0,1015.4290000000001,0.0,0.0,0.0,0.0,0.0,0.0,1015.4290000000001,-665.4290000000001,665.4290000000001
2018-02-23,gasoline,447.0,0.0,0.0,0.0,0.0,0.0,0.0,447.0,1015.4290000000001,0.0,0.0,0.0,0.0,0.0,0.0,1015.4290000000001,-568.4290000000001,568.4290000000001
2018-03-02,gasoline,609.0,0.0,0.0,0.0,0.0,0.0,0.0,609.0,1011.5001428571429,0.0,0.0,0.0,0.0,0.0,0.0,1011.5001428571429,-402.50014285714286,402.50014285714286
2018-03-09,gasoline,604.0,0.0,0.0,0.0,0.0,0.0,0.0,604.0,1001.678,0.0,0.0,0.0,0.0,0.0,0.0,1001.678,-397.678,397.678
2018-03-16,gasoline,564.0,0.0,0.0,0.0,0.0,0.0,0.0,564.0,1001.678,0.0,0.0,0.0,0.0,0.0,0.0,1001.678,-437.678,437.678
2018-03-23,gasoline,684.0,0.0,0.0,0.0,0.0,0.0,0.0,684.0,1001.678,0.0,0.0,0.0,0.0,0.0,0.0,1001.678,-317.678,317.678
2018-03-30,gasoline,761.0,0.0,0.0,0.0,0.0,0.0,0.0,761.0,1001.678,0.0,0.0,0.0,0.0,0.0,0.0,1001.678,-240.67800000000003,240.67800000000003
2018-04-06,gasoline,654.0,0.0,0.0,0.0,0.0,0.0,0.0,654.0,945.4682857142858,0.0,0.0,0.0,0.0,0.0,0.0,945.4682857142858,-291.46828571428574,291.46828571428574
2018-04-13,gasoline,705.0,0.0,0.0,0.0,0.0,0.0,0.0,705.0,936.1,0.0,0.0,0.0,0.0,0.0,0.0,936.1,-231.10000000000005,231.10000000000005
2018-04-20,gasoline,897.0,0.0,0.0,0.0,0.0,0.0,0.0,897.0,936.1,0.0,0.0,0.0,0.0,0.0,0.0,936.1,-39.10000000000002,39.10000000000002
2018-04-27,gasoline,923.0,0.0,0.0,0.0,0.0,0.0,0.0,923.0,936.1,0.0,0.0,0.0,0.0,0.0,0.0,936.1,-13.100000000000023,13.100000000000023
2018-05-04,gasoline,802.0,0.0,0.0,0.0,0.0,0.0,0.0,802.0,815.6377142857143,0.0,0.0,0.0,0.0,0.0,0.0,815.6377142857143,-13.637714285714262,13.637714285714262
2018-05-11,gasoline,721.0,0.0,0.0,0.0,0.0,0.0,0.0,721.0,725.2909999999999,0.0,0.0,0.0,0.0,0.0,0.0,725.2909999999999,-4.29099999999994,4.29099999999994
2018-05-18,gasoline,1062.0,0.0,0.0,0.0,0.0,0.0,0.0,1062.0,725.2909999999999,0.0,0.0,0.0,0.0,0.0,0.0,725.2909999999999,336.7090000000001,-336.7090000000001
2018-05-25,gasoline,958.0,0.0,0.0,0.0,0.0,0.0,0.0,958.0,725.2909999999999,0.0,0.0,0.0,0.0,0.0,0.0,725.2909999999999,232.70900000000006,-232.70900000000006
2018-06-01,gasoline,777.0,0.0,0.0,0.0,0.0,0.0,0.0,777.0,726.1351428571428,0.0,0.0,0.0,0.0,0.0,0.0,726.1351428571428,50.864857142857204,-50.864857142857204
2018-06-08,gasoline,825.0,0.0,0.0,0.0,0.0,0.0,0.0,825.0,731.1999999999999,0.0,0.0,0.0,0.0,0.0,0.0,731.1999999999999,93.80000000000007,-93.80000000000007
2018-06-15,gasoline,850.0,0.0,0.0,0.0,0.0,0.0,0.0,850.0,731.1999999999999,0.0,0.0,0.0,0.0,0.0,0.0,731.1999999999999,118.80000000000007,-118.80000000000007
2018-06-22,gasoline,989.0,0.0,0.0,0.0,0.0,0.0,0.0,989.0,731.1999999999999,0.0,0.0,0.0,0.0,0.0,0.0,731.1999999999999,257.80000000000007,-257.80000000000007
2018-06-29,gasoline,648.0,0.0,0.0,0.0,0.0,0.0,0.0,648.0,731.1999999999999,0.0,0.0,0.0,0.0,0.0,0.0,731.1999999999999,-83.19999999999993,83.19999999999993
2018-07-06,gasoline,854.0,0.0,0.0,0.0,0.0,0.0,0.0,854.0,837.2594285714285,0.0,0.0,0.0,0.0,0.0,0.0,837.2594285714285,16.740571428571506,-16.740571428571506
2018-07-13,gasoline,656.0,0.0,0.0,0.0,0.0,0.0,0.0,656.0,854.9359999999999,0.0,0.0,0.0,0.0,0.0,0.0,854.9359999999999,-198.93599999999992,198.93599999999992
2018-07-20,gasoline,844.0,0.0,0.0,0.0,0.0,0.0,0.0,844.0,854.9359999999999,0.0,0.0,0.0,0.0,0.0,0.0,854.9359999999999,-10.935999999999922,10.935999999999922
2018-07-27,gasoline,752.0,0.0,0.0,0.0,0.0,0.0,0.0,752.0,854.9359999999999,0.0,0.0,0.0,0.0,0.0,0.0,854.9359999999999,-102.93599999999992,102.93599999999992
2018-08-03,gasoline,934.0,0.0,0.0,0.0,0.0,0.0,0.0,934.0,799.7467142857142,0.0,0.0,0.0,0.0,0.0,0.0,799.7467142857142,134.25328571428574,-134.25328571428574
2018-08-10,gasoline,663.0,0.0,0.0,0.0,0.0,0.0,0.0,663.0,726.1610000000001,0.0,0.0,0.0,0.0,0.0,0.0,726.1610000000001,-63.16100000000006,63.16100000000006
2018-08-17,gasoline,815.0,0.0,0.0,0.0,0.0,0.0,0.0,815.0,726.1610000000001,0.0,0.0,0.0,0.0,0.0,0.0,726.1610000000001,88.83899999999994,-88.83899999999994
2018-08-24,gasoline,875.0,0.0,0.0,0.0,0.0,0.0,0.0,875.0,726.1610000000001,0.0,0.0,0.0,0.0,0.0,0.0,726.1610000000001,148.83899999999994,-148.83899999999994
2018-08-31,gasoline,1020.0,0.0,0.0,0.0,0.0,0.0,0.0,1020.0,726.1610000000001,0.0,0.0,0.0,0.0,0.0,0.0,726.1610000000001,293.83899999999994,-293.83899999999994
2018-09-07,gasoline,1052.0,0.0,0.0,0.0,0.0,0.0,0.0,1052.0,868.6,0.0,0.0,0.0,0.0,0.0,0.0,868.6,183.39999999999995,-183.39999999999995
2018-09-14,gasoline,560.0,0.0,0.0,0.0,0.0,0.0,0.0,560.0,868.6,0.0,0.0,0.0,0.0,0.0,0.0,868.6,-308.6,308.6
2018-09-21,gasoline,863.0,0.0,0.0,0.0,0.0,0.0,0.0,863.0,868.6,0.0,0.0,0.0,0.0,0.0,0.0,868.6,-5.600000000000023,5.600000000000023
2018-09-28,gasoline,712.0,0.0,0.0,0.0,0.0,0.0,0.0,712.0,868.6,0.0,0.0,0.0,0.0,0.0,0.0,868.6,-156.60000000000005,156.60000000000005
2018-10-05,gasoline,764.0,0.0,0.0,0.0,0.0,0.0,0.0,764.0,1072.02,0.0,0.0,0.0,0.0,0.0,0.0,1072.02,-308.0199999999999,308.0199999999999
2018-10-12,gasoline,394.0,0.0,0.0,0.0,0.0,0.0,0.0,394.0,1153.388,0.0,0.0,0.0,0.0,0.0,0.0,1153.388,-759.3879999999999,759.3879999999999
2018-10-19,gasoline,346.0,0.0,0.0,0.0,0.0,0.0,0.0,346.0,1153.388,0.0,0.0,0.0,0.0,0.0,0.0,1153.388,-807.3879999999999,807.3879999999999
2018-10-26,gasoline,363.0,0.0,0.0,0.0,0.0,0.0,0.0,363.0,1153.388,0.0,0.0,0.0,0.0,0.0,0.0,1153.388,-790.3879999999999,790.3879999999999
2018-11-02,gasoline,591.0,0.0,0.0,0.0,0.0,0.0,0.0,591.0,1143.4868571428572,0.0,0.0,0.0,0.0,0.0,0.0,1143.4868571428572,-552.486857142857,552.486857142857
2018-11-09,gasoline,288.0,0.0,0.0,0.0,0.0,0.0,0.0,288.0,1118.734,0.0,0.0,0.0,0.0,0.0,0.0,1118.734,-830.7339999999998,830.7339999999998
2018-11-16,gasoline,247.0,0.0,0.0,0.0,0.0,0.0,0.0,247.0,1118.734,0.0,0.0,0.0,0.0,0.0,0.0,1118.734,-871.7339999999998,871.7339999999998
2018-11-23,gasoline,385.0,0.0,0.0,0.0,0.0,0.0,0.0,385.0,1118.734,0.0,0.0,0.0,0.0,0.0,0.0,1118.734,-733.7339999999998,733.7339999999998
2018-11-30,gasoline,188.0,0.0,0.0,0.0,0.0,0.0,0.0,188.0,1118.734,0.0,0.0,0.0,0.0,0.0,0.0,1118.734,-930.7339999999998,930.7339999999998
2018-12-07,gasoline,525.0,0.0,0.0,0.0,0.0,0.0,0.0,525.0,1090.645,0.0,0.0,0.0,0.0,0.0,0.0,1090.645,-565.645,565.645
2018-12-14,gasoline,595.0,0.0,0.0,0.0,0.0,0.0,0.0,595.0,1090.645,0.0,0.0,0.0,0.0,0.0,0.0,1090.645,-495.645,495.645
2018-12-21,gasoline,508.0,0.0,0.0,0.0,0.0,0.0,0.0,508.0,1090.645,0.0,0.0,0.0,0.0,0.0,0.0,1090.645,-582.645,582.645
2018-12-28,gasoline,314.0,0.0,0.0,0.0,0.0,0.0,0.0,314.0,1090.645,0.0,0.0,0.0,0.0,0.0,0.0,1090.645,-776.6449999999999,776.6449999999999
2019-01-04,gasoline,550.0,0.0,0.0,0.0,0.0,0.0,0.0,550.0,998.1844285714286,0.0,0.0,0.0,0.0,0.0,0.0,998.1844285714286,-448.1844285714286,448.1844285714286
2019-01-11,gasoline,377.0,0.0,0.0,0.0,0.0,0.0,0.0,377.0,928.839,0.0,0.0,0.0,0.0,0.0,0.0,928.839,-551.839,551.839
2019-01-18,gasoline,561.0,0.0,0.0,0.0,0.0,0.0,0.0,561.0,928.839,0.0,0.0,0.0,0.0,0.0,0.0,928.839,-367.83900000000006,367.83900000000006
2019-01-25,gasoline,523.0,0.0,0.0,0.0,0.0,0.0,0.0,523.0,928.839,0.0,0.0,0.0,0.0,0.0,0.0,928.839,-405.83900000000006,405.83900000000006
2019-02-01,gasoline,625.0,0.0,0.0,0.0,0.0,0.0,0.0,625.0,944.0098571428572,0.0,0.0,0.0,0.0,0.0,0.0,944.0098571428572,-319.0098571428572,319.0098571428572
2019-02-08,gasoline,457.0,0.0,0.0,0.0,0.0,0.0,0.0,457.0,1035.035,0.0,0.0,0.0,0.0,0.0,0.0,1035.035,-578.0350000000001,578.0350000000001
2019-02-15,gasoline,421.0,0.0,0.0,0.0,0.0,0.0,0.0,421.0,1035.035,0.0,0.0,0.0,0.0,0.0,0.0,1035.035,-614.0350000000001,614.0350000000001
2019-02-22,gasoline,473.0,0.0,0.0,0.0,0.0,0.0,0.0,473.0,1035.035,0.0,0.0,0.0,0.0,0.0,0.0,1035.035,-562.0350000000001,562.0350000000001
2019-03-01,gasoline,554.0,0.0,0.0,0.0,0.0,0.0,0.0,554.0,1035.523,0.0,0.0,0.0,0.0,0.0,0.0,1035.523,-481.5230000000001,481.5230000000001
2019-03-08,gasoline,574.0,0.0,0.0,0.0,0.0,0.0,0.0,574.0,1038.451,0.0,0.0,0.0,0.0,0.0,0.0,1038.451,-464.451,464.451
2019-03-15,gasoline,793.0,0.0,0.0,0.0,0.0,0.0,0.0,793.0,1038.451,0.0,0.0,0.0,0.0,0.0,0.0,1038.451,-245.45100000000002,245.45100000000002
2019-03-22,gasoline,688.0,0.0,0.0,0.0,0.0,0.0,0.0,688.0,1038.451,0.0,0.0,0.0,0.0,0.0,0.0,1038.451,-350.451,350.451
2019-03-29,gasoline,744.0,0.0,0.0,0.0,0.0,0.0,0.0,744.0,1038.451,0.0,0.0,0.0,0.0,0.0,0.0,1038.451,-294.451,294.451
2019-04-05,gasoline,715.0,0.0,0.0,0.0,0.0,0.0,0.0,715.0,848.9624285714284,0.0,0.0,0.0,0.0,0.0,0.0,848.9624285714284,-133.96242857142852,133.96242857142852
2019-04-12,gasoline,990.0,0.0,0.0,0.0,0.0,0.0,0.0,990.0,773.167,0.0,0.0,0.0,0.0,0.0,0.0,773.167,216.83300000000008,-216.83300000000008
2019-04-19,gasoline,904.0,0.0,0.0,0.0,0.0,0.0,0.0,904.0,773.167,0.0,0.0,0.0,0.0,0.0,0.0,773.167,130.83300000000008,-130.83300000000008
2019-04-26,gasoline,769.0,0.0,0.0,0.0,0.0,0.0,0.0,769.0,773.167,0.0,0.0,0.0,0.0,0.0,0.0,773.167,-4.166999999999916,4.166999999999916
2019-05-03,gasoline,1114.0,0.0,0.0,0.0,0.0,0.0,0.0,1114.0,780.2701428571428,0.0,0.0,0.0,0.0,0.0,0.0,780.2701428571428,333.7298571428572,-333.7298571428572
2019-05-10,gasoline,753.0,0.0,0.0,0.0,0.0,0.0,0.0,753.0,789.741,0.0,0.0,0.0,0.0,0.0,0.0,789.741,-36.740999999999985,36.740999999999985
2019-05-17,gasoline,1349.0,0.0,0.0,0.0,0.0,0.0,0.0,1349.0,789.741,0.0,0.0,0.0,0.0,0.0,0.0,789.741,559.259,-559.259
2019-05-24,gasoline,1087.0,0.0,0.0,0.0,0.0,0.0,0.0,1087.0,789.741,0.0,0.0,0.0,0.0,0.0,0.0,789.741,297.259,-297.259
2019-05-31,gasoline,1094.0,0.0,0.0,0.0,0.0,0.0,0.0,1094.0,789.741,0.0,0.0,0.0,0.0,0.0,0.0,789.741,304.259,-304.259
2019-06-07,gasoline,742.0,0.0,0.0,0.0,0.0,0.0,0.0,742.0,776.233,0.0,0.0,0.0,0.0,0.0,0.0,776.233,-34.23299999999995,34.23299999999995
2019-06-14,gasoline,836.0,0.0,0.0,0.0,0.0,0.0,0.0,836.0,776.233,0.0,0.0,0.0,0.0,0.0,0.0,776.233,59.76700000000005,-59.76700000000005
2019-06-21,gasoline,816.0,0.0,0.0,0.0,0.0,0.0,0.0,816.0,776.233,0.0,0.0,0.0,0.0,0.0,0.0,776.233,39.76700000000005,-39.76700000000005
2019-06-28,gasoline,535.0,0.0,0.0,0.0,0.0,0.0,0.0,535.0,776.233,0.0,0.0,0.0,0.0,0.0,0.0,776.233,-241.23299999999995,241.23299999999995
2019-07-05,gasoline,889.0,0.0,0.0,0.0,0.0,0.0,0.0,889.0,785.6051428571428,0.0,0.0,0.0,0.0,0.0,0.0,785.6051428571428,103.39485714285713,-103.39485714285713
2019-07-12,gasoline,876.0,0.0,0.0,0.0,0.0,0.0,0.0,876.0,789.354,0.0,0.0,0.0,0.0,0.0,0.0,789.354,86.64599999999996,-86.64599999999996
2019-07-19,gasoline,985.0,0.0,0.0,0.0,0.0,0.0,0.0,985.0,789.354,0.0,0.0,0.0,0.0,0.0,0.0,789.354,195.64599999999996,-195.64599999999996
2019-07-26,gasoline,1117.0,0.0,0.0,0.0,0.0,0.0,0.0,1117.0,789.354,0.0,0.0,0.0,0.0,0.0,0.0,789.354,327.646,-327.646
2019-08-02,gasoline,1254.0,0.0,0.0,0.0,0.0,0.0,0.0,1254.0,781.0037142857143,0.0,0.0,0.0,0.0,0.0,0.0,781.0037142857143,472.99628571428576,-472.99628571428576
2019-08-09,gasoline,807.0,0.0,0.0,0.0,0.0,0.0,0.0,807.0,760.1279999999999,0.0,0.0,0.0,0.0,0.0,0.0,760.1279999999999,46.87200000000007,-46.87200000000007
2019-08-16,gasoline,893.0,0.0,0.0,0.0,0.0,0.0,0.0,893.0,760.1279999999999,0.0,0.0,0.0,0.0,0.0,0.0,760.1279999999999,132.87200000000007,-132.87200000000007
2019-08-23,gasoline,974.0,0.0,0.0,0.0,0.0,0.0,0.0,974.0,760.1279999999999,0.0,0.0,0.0,0.0,0.0,0.0,760.1279999999999,213.87200000000007,-213.87200000000007
2019-08-30,gasoline,743.0,0.0,0.0,0.0,0.0,0.0,0.0,743.0,760.1279999999999,0.0,0.0,0.0,0.0,0.0,0.0,760.1279999999999,-17.12799999999993,17.12799999999993
2019-09-06,gasoline,797.0,0.0,0.0,0.0,0.0,0.0,0.0,797.0,763.4477142857143,0.0,0.0,0.0,0.0,0.0,0.0,763.4477142857143,33.552285714285745,-33.552285714285745
2019-09-13,gasoline,513.0,0.0,0.0,0.0,0.0,0.0,0.0,513.0,764.001,0.0,0.0,0.0,0.0,0.0,0.0,764.001,-251.00099999999998,251.00099999999998
2019-09-20,gasoline,913.0,0.0,0.0,0.0,0.0,0.0,0.0,913.0,764.001,0.0,0.0,0.0,0.0,0.0,0.0,764.001,148.99900000000002,-148.99900000000002
2019-09-27,gasoline,843.0,0.0,0.0,0.0,0.0,0.0,0.0,843.0,764.001,0.0,0.0,0.0,0.0,0.0,0.0,764.001,78.99900000000002,-78.99900000000002
2019-10-04,gasoline,641.0,0.0,0.0,0.0,0.0,0.0,0.0,641.0,870.3044285714286,0.0,0.0,0.0,0.0,0.0,0.0,870.3044285714286,-229.3044285714286,229.3044285714286
2019-10-11,gasoline,651.0,0.0,0.0,0.0,0.0,0.0,0.0,651.0,950.032,0.0,0.0,0.0,0.0,0.0,0.0,950.032,-299.03200000000004,299.03200000000004
2019-10-18,gasoline,725.0,0.0,0.0,0.0,0.0,0.0,0.0,725.0,950.032,0.0,0.0,0.0,0.0,0.0,0.0,950.032,-225.032,225.032
2019-10-25,gasoline,726.0,0.0,0.0,0.0,0.0,0.0,0.0,726.0,950.032,0.0,0.0,0.0,0.0,0.0,0.0,950.032,-224.032,224.032
2019-11-01,gasoline,493.0,0.0,0.0,0.0,0.0,0.0,0.0,493.0,975.3702857142858,0.0,0.0,0.0,0.0,0.0,0.0,975.3702857142858,-482.3702857142858,482.3702857142858
2019-11-08,gasoline,679.0,0.0,0.0,0.0,0.0,0.0,0.0,679.0,1127.4,0.0,0.0,0.0,0.0,0.0,0.0,1127.4,-448.4000000000001,448.4000000000001
2019-11-15,gasoline,518.0,0.0,0.0,0.0,0.0,0.0,0.0,518.0,1127.4,0.0,0.0,0.0,0.0,0.0,0.0,1127.4,-609.4000000000002,609.4000000000002
2019-11-22,gasoline,809.0,0.0,0.0,0.0,0.0,0.0,0.0,809.0,1127.4,0.0,0.0,0.0,0.0,0.0,0.0,1127.4,-318.4000000000001,318.4000000000001
2019-11-29,gasoline,410.0,0.0,0.0,0.0,0.0,0.0,0.0,410.0,1127.4,0.0,0.0,0.0,0.0,0.0,0.0,1127.4,-717.4000000000002,717.4000000000002
2019-12-06,gasoline,645.0,0.0,0.0,0.0,0.0,0.0,0.0,645.0,1039.8505714285714,0.0,0.0,0.0,0.0,0.0,0.0,1039.8505714285714,-394.85057142857147,394.85057142857147
2019-12-13,gasoline,519.0,0.0,0.0,0.0,0.0,0.0,0.0,519.0,1025.259,0.0,0.0,0.0,0.0,0.0,0.0,1025.259,-506.259,506.259
2019-12-20,gasoline,593.0,0.0,0.0,0.0,0.0,0.0,0.0,593.0,1025.259,0.0,0.0,0.0,0.0,0.0,0.0,1025.259,-432.259,432.259
2019-12-27,gasoline,473.0,0.0,0.0,0.0,0.0,0.0,0.0,473.0,1025.259,0.0,0.0,0.0,0.0,0.0,0.0,1025.259,-552.259,552.259
2020-01-03,gasoline,400.0,0.0,0.0,0.0,0.0,0.0,0.0,400.0,975.8344285714286,0.0,0.0,0.0,0.0,0.0,0.0,975.8344285714286,-575.8344285714286,575.8344285714286
2020-01-10,gasoline,469.0,0.0,0.0,0.0,0.0,0.0,0.0,469.0,909.9350000000001,0.0,0.0,0.0,0.0,0.0,0.0,909.9350000000001,-440.93499999999995,440.93499999999995
2020-01-17,gasoline,562.0,0.0,0.0,0.0,0.0,0.0,0.0,562.0,909.9350000000001,0.0,0.0,0.0,0.0,0.0,0.0,909.9350000000001,-347.93499999999995,347.93499999999995
2020-01-24,gasoline,544.0,0.0,0.0,0.0,0.0,0.0,0.0,544.0,909.9350000000001,0.0,0.0,0.0,0.0,0.0,0.0,909.9350000000001,-365.93499999999995,365.93499999999995
2020-01-31,gasoline,676.0,0.0,0.0,0.0,0.0,0.0,0.0,676.0,909.9350000000001,0.0,0.0,0.0,0.0,0.0,0.0,909.9350000000001,-233.93499999999995,233.93499999999995
2020-02-07,gasoline,405.0,0.0,0.0,0.0,0.0,0.0,0.0,405.0,919.9309999999999,0.0,0.0,0.0,0.0,0.0,0.0,919.9309999999999,-514.9309999999999,514.9309999999999
2020-02-14,gasoline,421.0,0.0,0.0,0.0,0.0,0.0,0.0,421.0,919.9309999999999,0.0,0.0,0.0,0.0,0.0,0.0,919.9309999999999,-498.9309999999999,498.9309999999999
2020-02-21,gasoline,441.0,0.0,0.0,0.0,0.0,0.0,0.0,441.0,919.9309999999999,0.0,0.0,0.0,0.0,0.0,0.0,919.9309999999999,-478.9309999999999,478.9309999999999
2020-02-28,gasoline,511.0,0.0,0.0,0.0,0.0,0.0,0.0,511.0,919.9309999999999,0.0,0.0,0.0,0.0,0.0,0.0,919.9309999999999,-408.9309999999999,408.9309999999999
2020-03-06,gasoline,719.0,0.0,0.0,0.0,0.0,0.0,0.0,719.0,877.547857142857,0.0,0.0,0.0,0.0,0.0,0.0,877.547857142857,-158.54785714285708,158.54785714285708
2020-03-13,gasoline,688.0,0.0,0.0,0.0,0.0,0.0,0.0,688.0,870.4839999999998,0.0,0.0,0.0,0.0,0.0,0.0,870.4839999999998,-182.48399999999992,182.48399999999992
2020-03-20,gasoline,833.0,0.0,0.0,0.0,0.0,0.0,0.0,833.0,870.4839999999998,0.0,0.0,0.0,0.0,0.0,0.0,870.4839999999998,-37.483999999999924,37.483999999999924
2020-03-27,gasoline,737.0,0.0,0.0,0.0,0.0,0.0,0.0,737.0,870.4839999999998,0.0,0.0,0.0,0.0,0.0,0.0,870.4839999999998,-133.48399999999992,133.48399999999992
2020-04-03,gasoline,492.0,0.0,0.0,0.0,0.0,0.0,0.0,492.0,807.3335714285713,0.0,0.0,0.0,0.0,0.0,0.0,807.3335714285713,-315.33357142857136,315.33357142857136
2020-04-10,gasoline,402.0,0.0,0.0,0.0,0.0,0.0,0.0,402.0,723.1329999999999,0.0,0.0,0.0,0.0,0.0,0.0,723.1329999999999,-321.1329999999999,321.1329999999999
2020-04-17,gasoline,368.0,0.0,0.0,0.0,0.0,0.0,0.0,368.0,723.1329999999999,0.0,0.0,0.0,0.0,0.0,0.0,723.1329999999999,-355.1329999999999,355.1329999999999
2020-04-24,gasoline,229.0,0.0,0.0,0.0,0.0,0.0,0.0,229.0,723.1329999999999,0.0,0.0,0.0,0.0,0.0,0.0,723.1329999999999,-494.1329999999999,494.1329999999999
2020-05-01,gasoline,368.0,0.0,0.0,0.0,0.0,0.0,0.0,368.0,663.6254285714285,0.0,0.0,0.0,0.0,0.0,0.0,663.6254285714285,-295.62542857142853,295.62542857142853
2020-05-08,gasoline,487.0,0.0,0.0,0.0,0.0,0.0,0.0,487.0,306.58,0.0,0.0,0.0,0.0,0.0,0.0,306.58,180.42000000000002,-180.42000000000002
2020-05-15,gasoline,527.0,0.0,0.0,0.0,0.0,0.0,0.0,527.0,306.58,0.0,0.0,0.0,0.0,0.0,0.0,306.58,220.42000000000002,-220.42000000000002
2020-05-22,gasoline,292.0,0.0,0.0,0.0,0.0,0.0,0.0,292.0,306.58,0.0,0.0,0.0,0.0,0.0,0.0,306.58,-14.579999999999984,14.579999999999984
2020-05-29,gasoline,783.0,0.0,0.0,0.0,0.0,0.0,0.0,783.0,306.58,0.0,0.0,0.0,0.0,0.0,0.0,306.58,476.42,-476.42
2020-06-05,gasoline,628.0,0.0,0.0,0.0,0.0,0.0,0.0,628.0,457.57,0.0,0.0,0.0,0.0,0.0,0.0,457.57,170.43,-170.43
2020-06-12,gasoline,530.0,0.0,0.0,0.0,0.0,0.0,0.0,530.0,517.966,0.0,0.0,0.0,0.0,0.0,0.0,517.966,12.033999999999992,-12.033999999999992
2020-06-19,gasoline,703.0,0.0,0.0,0.0,0.0,0.0,0.0,703.0,517.966,0.0,0.0,0.0,0.0,0.0,0.0,517.966,185.03399999999996,-185.03399999999996
2020-06-26,gasoline,1010.0,0.0,0.0,0.0,0.0,0.0,0.0,1010.0,517.966,0.0,0.0,0.0,0.0,0.0,0.0,517.966,492.034,-492.034
2020-07-03,gasoline,764.0,0.0,0.0,0.0,0.0,0.0,0.0,764.0,562.552,0.0,0.0,0.0,0.0,0.0,0.0,562.552,201.448,-201.448
2020-07-10,gasoline,493.0,0.0,0.0,0.0,0.0,0.0,0.0,493.0,622.0,0.0,0.0,0.0,0.0,0.0,0.0,622.0,-129.0,129.0
2020-07-17,gasoline,541.0,0.0,0.0,0.0,0.0,0.0,0.0,541.0,622.0,0.0,0.0,0.0,0.0,0.0,0.0,622.0,-81.0,81.0
2020-07-24,gasoline,951.0,0.0,0.0,0.0,0.0,0.0,0.0,951.0,622.0,0.0,0.0,0.0,0.0,0.0,0.0,622.0,329.0,-329.0
2020-07-31,gasoline,669.0,0.0,0.0,0.0,0.0,0.0,0.0,669.0,622.0,0.0,0.0,0.0,0.0,0.0,0.0,622.0,47.0,-47.0
2020-08-07,gasoline,1048.0,0.0,0.0,0.0,0.0,0.0,0.0,1048.0,808.6449999999999,0.0,0.0,0.0,0.0,0.0,0.0,808.6449999999999,239.35500000000002,-239.35500000000002
2020-08-14,gasoline,555.0,0.0,0.0,0.0,0.0,0.0,0.0,555.0,808.6449999999999,0.0,0.0,0.0,0.0,0.0,0.0,808.6449999999999,-253.64499999999998,253.64499999999998
2020-08-21,gasoline,552.0,0.0,0.0,0.0,0.0,0.0,0.0,552.0,808.6449999999999,0.0,0.0,0.0,0.0,0.0,0.0,808.6449999999999,-256.645,256.645
2020-08-28,gasoline,613.0,0.0,0.0,0.0,0.0,0.0,0.0,613.0,808.6449999999999,0.0,0.0,0.0,0.0,0.0,0.0,808.6449999999999,-195.64499999999998,195.64499999999998
2020-09-04,gasoline,575.0,0.0,0.0,0.0,0.0,0.0,0.0,575.0,808.581,0.0,0.0,0.0,0.0,0.0,0.0,808.581,-233.581,233.581
2020-09-11,gasoline,636.0,0.0,0.0,0.0,0.0,0.0,0.0,636.0,808.533,0.0,0.0,0.0,0.0,0.0,0.0,808.533,-172.53300000000004,172.53300000000004
2020-09-18,gasoline,485.0,0.0,0.0,0.0,0.0,0.0,0.0,485.0,808.533,0.0,0.0,0.0,0.0,0.0,0.0,808.533,-323.533,323.533
2020-09-25,gasoline,748.0,0.0,0.0,0.0,0.0,0.0,0.0,748.0,808.533,0.0,0.0,0.0,0.0,0.0,0.0,808.533,-60.533000000000015,60.533000000000015
2020-10-02,gasoline,849.0,0.0,0.0,0.0,0.0,0.0,0.0,849.0,817.4221428571428,0.0,0.0,0.0,0.0,0.0,0.0,817.4221428571428,31.577857142857138,-31.577857142857138
2020-10-09,gasoline,424.0,0.0,0.0,0.0,0.0,0.0,0.0,424.0,839.6449999999999,0.0,0.0,0.0,0.0,0.0,0.0,839.6449999999999,-415.645,415.645
2020-10-16,gasoline,508.0,0.0,0.0,0.0,0.0,0.0,0.0,508.0,839.6449999999999,0.0,0.0,0.0,0.0,0.0,0.0,839.6449999999999,-331.645,331.645
2020-10-23,gasoline,466.0,0.0,0.0,0.0,0.0,0.0,0.0,466.0,839.6449999999999,0.0,0.0,0.0,0.0,0.0,0.0,839.6449999999999,-373.645,373.645
2020-10-30,gasoline,658.0,0.0,0.0,0.0,0.0,0.0,0.0,658.0,839.6449999999999,0.0,0.0,0.0,0.0,0.0,0.0,839.6449999999999,-181.64499999999998,181.64499999999998
2020-11-06,gasoline,518.0,0.0,0.0,0.0,0.0,0.0,0.0,518.0,879.6067142857142,0.0,0.0,0.0,0.0,0.0,0.0,879.6067142857142,-361.6067142857142,361.6067142857142
2020-11-13,gasoline,529.0,0.0,0.0,0.0,0.0,0.0,0.0,529.0,886.2669999999999,0.0,0.0,0.0,0.0,0.0,0.0,886.2669999999999,-357.26699999999994,357.26699999999994
2020-11-20,gasoline,441.0,0.0,0.0,0.0,0.0,0.0,0.0,441.0,886.2669999999999,0.0,0.0,0.0,0.0,0.0,0.0,886.2669999999999,-445.26699999999994,445.26699999999994
2020-11-27,gasoline,531.0,0.0,0.0,0.0,0.0,0.0,0.0,531.0,886.2669999999999,0.0,0.0,0.0,0.0,0.0,0.0,886.2669999999999,-355.26699999999994,355.26699999999994
2020-12-04,gasoline,810.0,0.0,0.0,0.0,0.0,0.0,0.0,810.0,940.5841428571429,0.0,0.0,0.0,0.0,0.0,0.0,940.5841428571429,-130.58414285714284,130.58414285714284
2020-12-11,gasoline,627.0,0.0,0.0,0.0,0.0,0.0,0.0,627.0,981.322,0.0,0.0,0.0,0.0,0.0,0.0,981.322,-354.322,354.322
2020-12-18,gasoline,571.0,0.0,0.0,0.0,0.0,0.0,0.0,571.0,981.322,0.0,0.0,0.0,0.0,0.0,0.0,981.322,-410.322,410.322
2020-12-25,gasoline,601.0,0.0,0.0,0.0,0.0,0.0,0.0,601.0,981.322,0.0,0.0,0.0,0.0,0.0,0.0,981.322,-380.322,380.322
2021-01-01,gasoline,445.0,0.0,0.0,0.0,0.0,0.0,0.0,445.0,964.4878571428571,0.0,0.0,0.0,0.0,0.0,0.0,964.4878571428571,-519.4878571428571,519.4878571428571
2021-01-08,gasoline,384.0,0.0,0.0,0.0,0.0,0.0,0.0,384.0,863.4830000000001,0.0,0.0,0.0,0.0,0.0,0.0,863.4830000000001,-479.48300000000006,479.48300000000006
2021-01-15,gasoline,504.0,0.0,0.0,0.0,0.0,0.0,0.0,504.0,863.4830000000001,0.0,0.0,0.0,0.0,0.0,0.0,863.4830000000001,-359.48300000000006,359.48300000000006
2021-01-22,gasoline,465.0,0.0,0.0,0.0,0.0,0.0,0.0,465.0,863.4830000000001,0.0,0.0,0.0,0.0,0.0,0.0,863.4830000000001,-398.48300000000006,398.48300000000006
2021-01-29,gasoline,568.0,0.0,0.0,0.0,0.0,0.0,0.0,568.0,863.4830000000001,0.0,0.0,0.0,0.0,0.0,0.0,863.4830000000001,-295.48300000000006,295.48300000000006
2021-02-05,gasoline,656.0,0.0,0.0,0.0,0.0,0.0,0.0,656.0,707.9344285714285,0.0,0.0,0.0,0.0,0.0,0.0,707.9344285714285,-51.93442857142853,51.93442857142853
2021-02-12,gasoline,670.0,0.0,0.0,0.0,0.0,0.0,0.0,670.0,645.7149999999999,0.0,0.0,0.0,0.0,0.0,0.0,645.7149999999999,24.285000000000082,-24.285000000000082
2021-02-19,gasoline,530.0,0.0,0.0,0.0,0.0,0.0,0.0,530.0,645.7149999999999,0.0,0.0,0.0,0.0,0.0,0.0,645.7149999999999,-115.71499999999992,115.71499999999992
2021-02-26,gasoline,605.0,0.0,0.0,0.0,0.0,0.0,0.0,605.0,645.7149999999999,0.0,0.0,0.0,0.0,0.0,0.0,645.7149999999999,-40.71499999999992,40.71499999999992
2021-03-05,gasoline,576.0,0.0,0.0,0.0,0.0,0.0,0.0,576.0,764.8592857142858,0.0,0.0,0.0,0.0,0.0,0.0,764.8592857142858,-188.85928571428573,188.85928571428573
2021-03-12,gasoline,910.0,0.0,0.0,0.0,0.0,0.0,0.0,910.0,812.517,0.0,0.0,0.0,0.0,0.0,0.0,812.517,97.48299999999995,-97.48299999999995
2021-03-19,gasoline,939.0,0.0,0.0,0.0,0.0,0.0,0.0,939.0,812.517,0.0,0.0,0.0,0.0,0.0,0.0,812.517,126.48299999999995,-126.48299999999995
2021-03-26,gasoline,618.0,0.0,0.0,0.0,0.0,0.0,0.0,618.0,812.517,0.0,0.0,0.0,0.0,0.0,0.0,812.517,-194.51700000000005,194.51700000000005
2021-04-02,gasoline,1297.0,0.0,0.0,0.0,0.0,0.0,0.0,1297.0,801.9118571428571,0.0,0.0,0.0,0.0,0.0,0.0,801.9118571428571,495.0881428571428,-495.0881428571428
2021-04-09,gasoline,838.0,0.0,0.0,0.0,0.0,0.0,0.0,838.0,775.399,0.0,0.0,0.0,0.0,0.0,0.0,775.399,62.601,-62.601
2021-04-16,gasoline,1120.0,0.0,0.0,0.0,0.0,0.0,0.0,1120.0,775.399,0.0,0.0,0.0,0.0,0.0,0.0,775.399,344.601,-344.601
2021-04-23,gasoline,1020.0,0.0,0.0,0.0,0.0,0.0,0.0,1020.0,775.399,0.0,0.0,0.0,0.0,0.0,0.0,775.399,244.60099999999997,-244.60099999999997
2021-04-30,gasoline,1020.0,0.0,0.0,0.0,0.0,0.0,0.0,1020.0,775.399,0.0,0.0,0.0,0.0,0.0,0.0,775.399,244.60099999999997,-244.60099999999997
2021-05-07,gasoline,936.0,0.0,0.0,0.0,0.0,0.0,0.0,936.0,929.6769999999999,0.0,0.0,0.0,0.0,0.0,0.0,929.6769999999999,6.323000000000093,-6.323000000000093
2021-05-14,gasoline,1080.0,0.0,0.0,0.0,0.0,0.0,0.0,1080.0,929.6769999999999,0.0,0.0,0.0,0.0,0.0,0.0,929.6769999999999,150.3230000000001,-150.3230000000001
2021-05-21,gasoline,1033.0,0.0,0.0,0.0,0.0,0.0,0.0,1033.0,929.6769999999999,0.0,0.0,0.0,0.0,0.0,0.0,929.6769999999999,103.32300000000009,-103.32300000000009
2021-05-28,gasoline,932.0,0.0,0.0,0.0,0.0,0.0,0.0,932.0,929.6769999999999,0.0,0.0,0.0,0.0,0.0,0.0,929.6769999999999,2.3230000000000928,-2.3230000000000928
2021-06-04,gasoline,1050.0,0.0,0.0,0.0,0.0,0.0,0.0,1050.0,881.4232857142857,0.0,0.0,0.0,0.0,0.0,0.0,881.4232857142857,168.57671428571436,-168.57671428571436
2021-06-11,gasoline,1050.0,0.0,0.0,0.0,0.0,0.0,0.0,1050.0,845.233,0.0,0.0,0.0,0.0,0.0,0.0,845.233,204.76700000000005,-204.76700000000005
2021-06-18,gasoline,860.0,0.0,0.0,0.0,0.0,0.0,0.0,860.0,845.233,0.0,0.0,0.0,0.0,0.0,0.0,845.233,14.767000000000053,-14.767000000000053
2021-06-25,gasoline,812.0,0.0,0.0,0.0,0.0,0.0,0.0,812.0,845.233,0.0,0.0,0.0,0.0,0.0,0.0,845.233,-33.23299999999995,33.23299999999995
2021-07-02,gasoline,1016.0,0.0,0.0,0.0,0.0,0.0,0.0,1016.0,859.8392857142857,0.0,0.0,0.0,0.0,0.0,0.0,859.8392857142857,156.1607142857143,-156.1607142857143
2021-07-09,gasoline,1042.0,0.0,0.0,0.0,0.0,0.0,0.0,1042.0,896.3550000000001,0.0,0.0,0.0,0.0,0.0,0.0,896.3550000000001,145.64499999999998,-145.64499999999998
2021-07-16,gasoline,1388.0,0.0,0.0,0.0,0.0,0.0,0.0,1388.0,896.3550000000001,0.0,0.0,0.0,0.0,0.0,0.0,896.3550000000001,491.645,-491.645
2021-07-23,gasoline,945.0,0.0,0.0,0.0,0.0,0.0,0.0,945.0,896.3550000000001,0.0,0.0,0.0,0.0,0.0,0.0,896.3550000000001,48.64499999999998,-48.64499999999998
2021-07-30,gasoline,845.0,0.0,0.0,0.0,0.0,0.0,0.0,845.0,896.3550000000001,0.0,0.0,0.0,0.0,0.0,0.0,896.3550000000001,-51.35500000000002,51.35500000000002
2021-08-06,gasoline,926.0,0.0,0.0,0.0,0.0,0.0,0.0,926.0,930.3912857142857,0.0,0.0,0.0,0.0,0.0,0.0,930.3912857142857,-4.3912857142856865,4.3912857142856865
2021-08-13,gasoline,743.0,0.0,0.0,0.0,0.0,0.0,0.0,743.0,936.064,0.0,0.0,0.0,0.0,0.0,0.0,936.064,-193.064,193.064
2021-08-20,gasoline,1085.0,0.0,0.0,0.0,0.0,0.0,0.0,1085.0,936.064,0.0,0.0,0.0,0.0,0.0,0.0,936.064,148.936,-148.936
2021-08-27,gasoline,1172.0,0.0,0.0,0.0,0.0,0.0,0.0,1172.0,936.064,0.0,0.0,0.0,0.0,0.0,0.0,936.064,235.936,-235.936
2021-09-03,gasoline,899.0,0.0,0.0,0.0,0.0,0.0,0.0,899.0,888.7792857142857,0.0,0.0,0.0,0.0,0.0,0.0,888.7792857142857,10.220714285714328,-10.220714285714328
2021-09-10,gasoline,638.0,0.0,0.0,0.0,0.0,0.0,0.0,638.0,825.733,0.0,0.0,0.0,0.0,0.0,0.0,825.733,-187.73299999999995,187.73299999999995
2021-09-17,gasoline,1117.0,0.0,0.0,0.0,0.0,0.0,0.0,1117.0,825.733,0.0,0.0,0.0,0.0,0.0,0.0,825.733,291.26700000000005,-291.26700000000005
2021-09-24,gasoline,989.0,0.0,0.0,0.0,0.0,0.0,0.0,989.0,825.733,0.0,0.0,0.0,0.0,0.0,0.0,825.733,163.26700000000005,-163.26700000000005
2021-10-01,gasoline,1087.0,0.0,0.0,0.0,0.0,0.0,0.0,1087.0,839.338,0.0,0.0,0.0,0.0,0.0,0.0,839.338,247.66200000000006,-247.66200000000006
2021-10-08,gasoline,544.0,0.0,0.0,0.0,0.0,0.0,0.0,544.0,920.968,0.0,0.0,0.0,0.0,0.0,0.0,920.968,-376.96799999999996,376.96799999999996
2021-10-15,gasoline,607.0,0.0,0.0,0.0,0.0,0.0,0.0,607.0,920.968,0.0,0.0,0.0,0.0,0.0,0.0,920.968,-313.96799999999996,313.96799999999996
2021-10-22,gasoline,530.0,0.0,0.0,0.0,0.0,0.0,0.0,530.0,920.968,0.0,0.0,0.0,0.0,0.0,0.0,920.968,-390.96799999999996,390.96799999999996
2021-10-29,gasoline,665.0,0.0,0.0,0.0,0.0,0.0,0.0,665.0,920.968,0.0,0.0,0.0,0.0,0.0,0.0,920.968,-255.968,255.968
2021-11-05,gasoline,587.0,0.0,0.0,0.0,0.0,0.0,0.0,587.0,1012.943,0.0,0.0,0.0,0.0,0.0,0.0,1012.943,-425.9429999999999,425.9429999999999
2021-11-12,gasoline,824.0,0.0,0.0,0.0,0.0,0.0,0.0,824.0,1049.733,0.0,0.0,0.0,0.0,0.0,0.0,1049.733,-225.73299999999995,225.73299999999995
2021-11-19,gasoline,483.0,0.0,0.0,0.0,0.0,0.0,0.0,483.0,1049.733,0.0,0.0,0.0,0.0,0.0,0.0,1049.733,-566.733,566.733
2021-11-26,gasoline,644.0,0.0,0.0,0.0,0.0,0.0,0.0,644.0,1049.733,0.0,0.0,0.0,0.0,0.0,0.0,1049.733,-405.7329999999999,405.7329999999999
2021-12-03,gasoline,557.0,0.0,0.0,0.0,0.0,0.0,0.0,557.0,1086.953142857143,0.0,0.0,0.0,0.0,0.0,0.0,1086.953142857143,-529.9531428571428,529.9531428571428
2021-12-10,gasoline,499.0,0.0,0.0,0.0,0.0,0.0,0.0,499.0,1136.58,0.0,0.0,0.0,0.0,0.0,0.0,1136.58,-637.5799999999999,637.5799999999999
2021-12-17,gasoline,688.0,0.0,0.0,0.0,0.0,0.0,0.0,688.0,1136.58,0.0,0.0,0.0,0.0,0.0,0.0,1136.58,-448.5799999999999,448.5799999999999
2021-12-24,gasoline,433.0,0.0,0.0,0.0,0.0,0.0,0.0,433.0,1136.58,0.0,0.0,0.0,0.0,0.0,0.0,1136.58,-703.5799999999999,703.5799999999999
2021-12-31,gasoline,595.0,0.0,0.0,0.0,0.0,0.0,0.0,595.0,1136.58,0.0,0.0,0.0,0.0,0.0,0.0,1136.58,-541.5799999999999,541.5799999999999
2022-01-07,gasoline,589.0,0.0,0.0,0.0,0.0,0.0,0.0,589.0,834.839,0.0,0.0,0.0,0.0,0.0,0.0,834.839,-245.83900000000008,245.83900000000008
2022-01-14,gasoline,391.0,0.0,0.0,0.0,0.0,0.0,0.0,391.0,834.839,0.0,0.0,0.0,0.0,0.0,0.0,834.839,-443.83900000000006,443.83900000000006
2022-01-21,gasoline,348.0,0.0,0.0,0.0,0.0,0.0,0.0,348.0,834.839,0.0,0.0,0.0,0.0,0.0,0.0,834.839,-486.83900000000006,486.83900000000006
2022-01-28,gasoline,433.0,0.0,0.0,0.0,0.0,0.0,0.0,433.0,834.839,0.0,0.0,0.0,0.0,0.0,0.0,834.839,-401.83900000000006,401.83900000000006
2022-02-04,gasoline,513.0,0.0,0.0,0.0,0.0,0.0,0.0,513.0,845.7470000000001,0.0,0.0,0.0,0.0,0.0,0.0,845.7470000000001,-332.747,332.747
2022-02-11,gasoline,555.0,0.0,0.0,0.0,0.0,0.0,0.0,555.0,853.928,0.0,0.0,0.0,0.0,0.0,0.0,853.928,-298.928,298.928
2022-02-18,gasoline,417.0,0.0,0.0,0.0,0.0,0.0,0.0,417.0,853.928,0.0,0.0,0.0,0.0,0.0,0.0,853.928,-436.928,436.928
2022-02-25,gasoline,603.0,0.0,0.0,0.0,0.0,0.0,0.0,603.0,853.928,0.0,0.0,0.0,0.0,0.0,0.0,853.928,-250.92800000000003,250.92800000000003
2022-03-04,gasoline,760.0,0.0,0.0,0.0,0.0,0.0,0.0,760.0,835.0017142857142,0.0,0.0,0.0,0.0,0.0,0.0,835.0017142857142,-75.0017142857143,75.0017142857143
2022-03-11,gasoline,533.0,0.0,0.0,0.0,0.0,0.0,0.0,533.0,820.807,0.0,0.0,0.0,0.0,0.0,0.0,820.807,-287.807,287.807
2022-03-18,gasoline,720.0,0.0,0.0,0.0,0.0,0.0,0.0,720.0,820.807,0.0,0.0,0.0,0.0,0.0,0.0,820.807,-100.80700000000002,100.80700000000002
2022-03-25,gasoline,657.0,0.0,0.0,0.0,0.0,0.0,0.0,657.0,820.807,0.0,0.0,0.0,0.0,0.0,0.0,820.807,-163.80700000000002,163.80700000000002
2022-04-01,gasoline,484.0,0.0,0.0,0.0,0.0,0.0,0.0,484.0,837.5060000000001,0.0,0.0,0.0,0.0,0.0,0.0,837.5060000000001,-353.50600000000003,353.50600000000003
2022-04-08,gasoline,439.0,0.0,0.0,0.0,0.0,0.0,0.0,439.0,937.7,0.0,0.0,0.0,0.0,0.0,0.0,937.7,-498.7000000000001,498.7000000000001
2022-04-15,gasoline,597.0,0.0,0.0,0.0,0.0,0.0,0.0,597.0,937.7,0.0,0.0,0.0,0.0,0.0,0.0,937.7,-340.7000000000001,340.7000000000001
2022-04-22,gasoline,845.0,0.0,0.0,0.0,0.0,0.0,0.0,845.0,937.7,0.0,0.0,0.0,0.0,0.0,0.0,937.7,-92.70000000000005,92.70000000000005
2022-04-29,gasoline,1126.0,0.0,0.0,0.0,0.0,0.0,0.0,1126.0,937.7,0.0,0.0,0.0,0.0,0.0,0.0,937.7,188.29999999999995,-188.29999999999995
2022-05-06,gasoline,695.0,0.0,0.0,0.0,0.0,0.0,0.0,695.0,955.598,0.0,0.0,0.0,0.0,0.0,0.0,955.598,-260.598,260.598
2022-05-13,gasoline,912.0,0.0,0.0,0.0,0.0,0.0,0.0,912.0,958.581,0.0,0.0,0.0,0.0,0.0,0.0,958.581,-46.58100000000002,46.58100000000002
2022-05-20,gasoline,847.0,0.0,0.0,0.0,0.0,0.0,0.0,847.0,958.581,0.0,0.0,0.0,0.0,0.0,0.0,958.581,-111.58100000000002,111.58100000000002
2022-05-27,gasoline,890.0,0.0,0.0,0.0,0.0,0.0,0.0,890.0,958.581,0.0,0.0,0.0,0.0,0.0,0.0,958.581,-68.58100000000002,68.58100000000002
2022-06-03,gasoline,1175.0,0.0,0.0,0.0,0.0,0.0,0.0,1175.0,986.3177142857143,0.0,0.0,0.0,0.0,0.0,0.0,986.3177142857143,188.68228571428568,-188.68228571428568
2022-06-10,gasoline,649.0,0.0,0.0,0.0,0.0,0.0,0.0,649.0,1023.3000000000001,0.0,0.0,0.0,0.0,0.0,0.0,1023.3000000000001,-374.30000000000007,374.30000000000007
2022-06-17,gasoline,783.0,0.0,0.0,0.0,0.0,0.0,0.0,783.0,1023.3000000000001,0.0,0.0,0.0,0.0,0.0,0.0,1023.3000000000001,-240.30000000000004,240.30000000000004
2022-06-24,gasoline,825.0,0.0,0.0,0.0,0.0,0.0,0.0,825.0,1023.3000000000001,0.0,0.0,0.0,0.0,0.0,0.0,1023.3000000000001,-198.30000000000004,198.30000000000004
2022-07-01,gasoline,945.0,0.0,0.0,0.0,0.0,0.0,0.0,945.0,995.1234285714287,0.0,0.0,0.0,0.0,0.0,0.0,995.1234285714287,-50.123428571428626,50.123428571428626
2022-07-08,gasoline,715.0,0.0,0.0,0.0,0.0,0.0,0.0,715.0,826.064,0.0,0.0,0.0,0.0,0.0,0.0,826.064,-111.06399999999996,111.06399999999996
2022-07-15,gasoline,866.0,0.0,0.0,0.0,0.0,0.0,0.0,866.0,826.064,0.0,0.0,0.0,0.0,0.0,0.0,826.064,39.936000000000035,-39.936000000000035
2022-07-22,gasoline,599.0,0.0,0.0,0.0,0.0,0.0,0.0,599.0,826.064,0.0,0.0,0.0,0.0,0.0,0.0,826.064,-227.064,227.064
2022-07-29,gasoline,609.0,0.0,0.0,0.0,0.0,0.0,0.0,609.0,826.064,0.0,0.0,0.0,0.0,0.0,0.0,826.064,-217.064,217.064
2022-08-05,gasoline,630.0,0.0,0.0,0.0,0.0,0.0,0.0,630.0,938.3682857142857,0.0,0.0,0.0,0.0,0.0,0.0,938.3682857142857,-308.36828571428566,308.36828571428566
2022-08-12,gasoline,715.0,0.0,0.0,0.0,0.0,0.0,0.0,715.0,983.29,0.0,0.0,0.0,0.0,0.0,0.0,983.29,-268.28999999999996,268.28999999999996
2022-08-19,gasoline,616.0,0.0,0.0,0.0,0.0,0.0,0.0,616.0,983.29,0.0,0.0,0.0,0.0,0.0,0.0,983.29,-367.28999999999996,367.28999999999996
2022-08-26,gasoline,621.0,0.0,0.0,0.0,0.0,0.0,0.0,621.0,983.29,0.0,0.0,0.0,0.0,0.0,0.0,983.29,-362.28999999999996,362.28999999999996
2022-09-02,gasoline,1032.0,0.0,0.0,0.0,0.0,0.0,0.0,1032.0,1013.2737142857142,0.0,0.0,0.0,0.0,0.0,0.0,1013.2737142857142,18.726285714285755,-18.726285714285755
2022-09-09,gasoline,520.0,0.0,0.0,0.0,0.0,0.0,0.0,520.0,1088.233,0.0,0.0,0.0,0.0,0.0,0.0,1088.233,-568.233,568.233
2022-09-16,gasoline,775.0,0.0,0.0,0.0,0.0,0.0,0.0,775.0,1088.233,0.0,0.0,0.0,0.0,0.0,0.0,1088.233,-313.2329999999999,313.2329999999999
2022-09-23,gasoline,525.0,0.0,0.0,0.0,0.0,0.0,0.0,525.0,1088.233,0.0,0.0,0.0,0.0,0.0,0.0,1088.233,-563.233,563.233
2022-09-30,gasoline,481.0,0.0,0.0,0.0,0.0,0.0,0.0,481.0,1088.233,0.0,0.0,0.0,0.0,0.0,0.0,1088.233,-607.233,607.233
2022-10-07,gasoline,700.0,0.0,0.0,0.0,0.0,0.0,0.0,700.0,892.193,0.0,0.0,0.0,0.0,0.0,0.0,892.193,-192.19299999999998,192.19299999999998
2022-10-14,gasoline,501.0,0.0,0.0,0.0,0.0,0.0,0.0,501.0,892.193,0.0,0.0,0.0,0.0,0.0,0.0,892.193,-391.1929999999999,391.1929999999999
2022-10-21,gasoline,654.0,0.0,0.0,0.0,0.0,0.0,0.0,654.0,892.193,0.0,0.0,0.0,0.0,0.0,0.0,892.193,-238.19299999999998,238.19299999999998
2022-10-28,gasoline,286.0,0.0,0.0,0.0,0.0,0.0,0.0,286.0,892.193,0.0,0.0,0.0,0.0,0.0,0.0,892.193,-606.193,606.193
2022-11-04,gasoline,489.0,0.0,0.0,0.0,0.0,0.0,0.0,489.0,969.8541428571428,0.0,0.0,0.0,0.0,0.0,0.0,969.8541428571428,-480.8541428571429,480.8541428571429
2022-11-11,gasoline,572.0,0.0,0.0,0.0,0.0,0.0,0.0,572.0,1028.1000000000001,0.0,0.0,0.0,0.0,0.0,0.0,1028.1000000000001,-456.1000000000001,456.1000000000001
2022-11-18,gasoline,584.0,0.0,0.0,0.0,0.0,0.0,0.0,584.0,1028.1000000000001,0.0,0.0,0.0,0.0,0.0,0.0,1028.1000000000001,-444.1000000000001,444.1000000000001
2022-11-25,gasoline,560.0,0.0,0.0,0.0,0.0,0.0,0.0,560.0,1028.1000000000001,0.0,0.0,0.0,0.0,0.0,0.0,1028.1000000000001,-468.1000000000001,468.1000000000001
2022-12-02,gasoline,528.0,0.0,0.0,0.0,0.0,0.0,0.0,528.0,1021.878,0.0,0.0,0.0,0.0,0.0,0.0,1021.878,-493.8780000000001,493.8780000000001
2022-12-09,gasoline,791.0,0.0,0.0,0.0,0.0,0.0,0.0,791.0,1006.323,0.0,0.0,0.0,0.0,0.0,0.0,1006.323,-215.323,215.323
2022-12-16,gasoline,551.0,0.0,0.0,0.0,0.0,0.0,0.0,551.0,1006.323,0.0,0.0,0.0,0.0,0.0,0.0,1006.323,-455.323,455.323
2022-12-23,gasoline,535.0,0.0,0.0,0.0,0.0,0.0,0.0,535.0,1006.323,0.0,0.0,0.0,0.0,0.0,0.0,1006.323,-471.323,471.323
2022-12-30,gasoline,550.0,0.0,0.0,0.0,0.0,0.0,0.0,550.0,1006.323,0.0,0.0,0.0,0.0,0.0,0.0,1006.323,-456.323,456.323
2023-01-06,gasoline,517.0,0.0,0.0,0.0,0.0,0.0,0.0,517.0,953.0412857142858,0.0,0.0,0.0,0.0,0.0,0.0,953.0412857142858,-436.0412857142857,436.0412857142857
2023-01-13,gasoline,556.0,0.0,0.0,0.0,0.0,0.0,0.0,556.0,944.1610000000001,0.0,0.0,0.0,0.0,0.0,0.0,944.1610000000001,-388.16100000000006,388.16100000000006
2023-01-20,gasoline,451.0,0.0,0.0,0.0,0.0,0.0,0.0,451.0,944.1610000000001,0.0,0.0,0.0,0.0,0.0,0.0,944.1610000000001,-493.16100000000006,493.16100000000006
2023-01-27,gasoline,500.0,0.0,0.0,0.0,0.0,0.0,0.0,500.0,944.1610000000001,0.0,0.0,0.0,0.0,0.0,0.0,944.1610000000001,-444.16100000000006,444.16100000000006
2023-02-03,gasoline,989.0,0.0,0.0,0.0,0.0,0.0,0.0,989.0,882.2705714285714,0.0,0.0,0.0,0.0,0.0,0.0,882.2705714285714,106.72942857142854,-106.72942857142854
2023-02-10,gasoline,589.0,0.0,0.0,0.0,0.0,0.0,0.0,589.0,799.75,0.0,0.0,0.0,0.0,0.0,0.0,799.75,-210.75,210.75
2023-02-17,gasoline,476.0,0.0,0.0,0.0,0.0,0.0,0.0,476.0,799.75,0.0,0.0,0.0,0.0,0.0,0.0,799.75,-323.75,323.75
2023-02-24,gasoline,673.0,0.0,0.0,0.0,0.0,0.0,0.0,673.0,799.75,0.0,0.0,0.0,0.0,0.0,0.0,799.75,-126.75,126.75
2023-03-03,gasoline,446.0,0.0,0.0,0.0,0.0,0.0,0.0,446.0,846.8062857142858,0.0,0.0,0.0,0.0,0.0,0.0,846.8062857142858,-400.80628571428576,400.80628571428576
2023-03-10,gasoline,449.0,0.0,0.0,0.0,0.0,0.0,0.0,449.0,909.548,0.0,0.0,0.0,0.0,0.0,0.0,909.548,-460.54800000000006,460.54800000000006
2023-03-17,gasoline,473.0,0.0,0.0,0.0,0.0,0.0,0.0,473.0,909.548,0.0,0.0,0.0,0.0,0.0,0.0,909.548,-436.54800000000006,436.54800000000006
2023-03-24,gasoline,873.0,0.0,0.0,0.0,0.0,0.0,0.0,873.0,909.548,0.0,0.0,0.0,0.0,0.0,0.0,909.548,-36.548,36.548
2023-03-31,gasoline,713.0,0.0,0.0,0.0,0.0,0.0,0.0,713.0,909.548,0.0,0.0,0.0,0.0,0.0,0.0,909.548,-196.548,196.548
2023-04-07,gasoline,813.0,0.0,0.0,0.0,0.0,0.0,0.0,813.0,829.434,0.0,0.0,0.0,0.0,0.0,0.0,829.434,-16.43399999999997,16.43399999999997
2023-04-14,gasoline,700.0,0.0,0.0,0.0,0.0,0.0,0.0,700.0,829.434,0.0,0.0,0.0,0.0,0.0,0.0,829.434,-129.43399999999997,129.43399999999997
2023-04-21,gasoline,1023.0,0.0,0.0,0.0,0.0,0.0,0.0,1023.0,829.434,0.0,0.0,0.0,0.0,0.0,0.0,829.434,193.56600000000003,-193.56600000000003
2023-04-28,gasoline,797.0,0.0,0.0,0.0,0.0,0.0,0.0,797.0,829.434,0.0,0.0,0.0,0.0,0.0,0.0,829.434,-32.43399999999997,32.43399999999997
2023-05-05,gasoline,853.0,0.0,0.0,0.0,0.0,0.0,0.0,853.0,831.7968571428572,0.0,0.0,0.0,0.0,0.0,0.0,831.7968571428572,21.20314285714281,-21.20314285714281
2023-05-12,gasoline,845.0,0.0,0.0,0.0,0.0,0.0,0.0,845.0,832.7420000000001,0.0,0.0,0.0,0.0,0.0,0.0,832.7420000000001,12.257999999999925,-12.257999999999925
2023-05-19,gasoline,763.0,0.0,0.0,0.0,0.0,0.0,0.0,763.0,832.7420000000001,0.0,0.0,0.0,0.0,0.0,0.0,832.7420000000001,-69.74200000000008,69.74200000000008
2023-05-26,gasoline,834.0,0.0,0.0,0.0,0.0,0.0,0.0,834.0,832.7420000000001,0.0,0.0,0.0,0.0,0.0,0.0,832.7420000000001,1.2579999999999245,-1.2579999999999245
2023-06-02,gasoline,973.0,0.0,0.0,0.0,0.0,0.0,0.0,973.0,821.6345714285715,0.0,0.0,0.0,0.0,0.0,0.0,821.6345714285715,151.3654285714285,-151.3654285714285
2023-06-09,gasoline,1053.0,0.0,0.0,0.0,0.0,0.0,0.0,1053.0,793.866,0.0,0.0,0.0,0.0,0.0,0.0,793.866,259.134,-259.134
2023-06-16,gasoline,925.0,0.0,0.0,0.0,0.0,0.0,0.0,925.0,793.866,0.0,0.0,0.0,0.0,0.0,0.0,793.866,131.13400000000001,-131.13400000000001
2023-06-23,gasoline,855.0,0.0,0.0,0.0,0.0,0.0,0.0,855.0,793.866,0.0,0.0,0.0,0.0,0.0,0.0,793.866,61.134000000000015,-61.134000000000015
2023-06-30,gasoline,850.0,0.0,0.0,0.0,0.0,0.0,0.0,850.0,793.866,0.0,0.0,0.0,0.0,0.0,0.0,793.866,56.134000000000015,-56.134000000000015
2023-07-07,gasoline,780.0,0.0,0.0,0.0,0.0,0.0,0.0,780.0,967.162,0.0,0.0,0.0,0.0,0.0,0.0,967.162,-187.16200000000003,187.16200000000003
2023-07-14,gasoline,718.0,0.0,0.0,0.0,0.0,0.0,0.0,718.0,967.162,0.0,0.0,0.0,0.0,0.0,0.0,967.162,-249.16200000000003,249.16200000000003
2023-07-21,gasoline,753.0,0.0,0.0,0.0,0.0,0.0,0.0,753.0,967.162,0.0,0.0,0.0,0.0,0.0,0.0,967.162,-214.16200000000003,214.16200000000003
2023-07-28,gasoline,946.0,0.0,0.0,0.0,0.0,0.0,0.0,946.0,967.162,0.0,0.0,0.0,0.0,0.0,0.0,967.162,-21.162000000000035,21.162000000000035
2023-08-04,gasoline,684.0,0.0,0.0,0.0,0.0,0.0,0.0,684.0,878.5162857142857,0.0,0.0,0.0,0.0,0.0,0.0,878.5162857142857,-194.5162857142857,194.5162857142857
2023-08-11,gasoline,586.0,0.0,0.0,0.0,0.0,0.0,0.0,586.0,812.0319999999999,0.0,0.0,0.0,0.0,0.0,0.0,812.0319999999999,-226.03199999999993,226.03199999999993
2023-08-18,gasoline,892.0,0.0,0.0,0.0,0.0,0.0,0.0,892.0,812.0319999999999,0.0,0.0,0.0,0.0,0.0,0.0,812.0319999999999,79.96800000000007,-79.96800000000007
2023-08-25,gasoline,848.0,0.0,0.0,0.0,0.0,0.0,0.0,848.0,812.0319999999999,0.0,0.0,0.0,0.0,0.0,0.0,812.0319999999999,35.968000000000075,-35.968000000000075
2023-09-01,gasoline,1004.0,0.0,0.0,0.0,0.0,0.0,0.0,1004.0,814.8417142857143,0.0,0.0,0.0,0.0,0.0,0.0,814.8417142857143,189.15828571428577,-189.15828571428577
2023-09-08,gasoline,899.0,0.0,0.0,0.0,0.0,0.0,0.0,899.0,831.7,0.0,0.0,0.0,0.0,0.0,0.0,831.7,67.29999999999995,-67.29999999999995
2023-09-15,gasoline,530.0,0.0,0.0,0.0,0.0,0.0,0.0,530.0,831.7,0.0,0.0,0.0,0.0,0.0,0.0,831.7,-301.7000000000001,301.7000000000001
2023-09-22,gasoline,710.0,0.0,0.0,0.0,0.0,0.0,0.0,710.0,831.7,0.0,0.0,0.0,0.0,0.0,0.0,831.7,-121.70000000000005,121.70000000000005
2023-09-29,gasoline,919.0,0.0,0.0,0.0,0.0,0.0,0.0,919.0,831.7,0.0,0.0,0.0,0.0,0.0,0.0,831.7,87.29999999999995,-87.29999999999995
2023-10-06,gasoline,589.0,0.0,0.0,0.0,0.0,0.0,0.0,589.0,872.4365714285715,0.0,0.0,0.0,0.0,0.0,0.0,872.4365714285715,-283.4365714285714,283.4365714285714
2023-10-13,gasoline,706.0,0.0,0.0,0.0,0.0,0.0,0.0,706.0,879.226,0.0,0.0,0.0,0.0,0.0,0.0,879.226,-173.22599999999997,173.22599999999997
2023-10-20,gasoline,652.0,0.0,0.0,0.0,0.0,0.0,0.0,652.0,879.226,0.0,0.0,0.0,0.0,0.0,0.0,879.226,-227.22599999999997,227.22599999999997
2023-10-27,gasoline,558.0,0.0,0.0,0.0,0.0,0.0,0.0,558.0,879.226,0.0,0.0,0.0,0.0,0.0,0.0,879.226,-321.226,321.226
2023-11-03,gasoline,704.0,0.0,0.0,0.0,0.0,0.0,0.0,704.0,953.1867142857143,0.0,0.0,0.0,0.0,0.0,0.0,953.1867142857143,-249.18671428571426,249.18671428571426
2023-11-10,gasoline,514.0,0.0,0.0,0.0,0.0,0.0,0.0,514.0,1051.801,0.0,0.0,0.0,0.0,0.0,0.0,1051.801,-537.8009999999999,537.8009999999999
2023-11-17,gasoline,594.0,0.0,0.0,0.0,0.0,0.0,0.0,594.0,1051.801,0.0,0.0,0.0,0.0,0.0,0.0,1051.801,-457.80099999999993,457.80099999999993
2023-11-24,gasoline,464.0,0.0,0.0,0.0,0.0,0.0,0.0,464.0,1051.801,0.0,0.0,0.0,0.0,0.0,0.0,1051.801,-587.801,587.801
2023-12-01,gasoline,688.0,0.0,0.0,0.0,0.0,0.0,0.0,688.0,1062.9814285714285,0.0,0.0,0.0,0.0,0.0,0.0,1062.9814285714285,-374.9814285714286,374.9814285714286
2023-12-08,gasoline,714.0,0.0,0.0,0.0,0.0,0.0,0.0,714.0,1130.064,0.0,0.0,0.0,0.0,0.0,0.0,1130.064,-416.064,416.064
2023-12-15,gasoline,537.0,0.0,0.0,0.0,0.0,0.0,0.0,537.0,1130.064,0.0,0.0,0.0,0.0,0.0,0.0,1130.064,-593.0640000000001,593.0640000000001
2023-12-22,gasoline,521.0,0.0,0.0,0.0,0.0,0.0,0.0,521.0,1130.064,0.0,0.0,0.0,0.0,0.0,0.0,1130.064,-609.0640000000001,609.0640000000001
2023-12-29,gasoline,659.0,0.0,0.0,0.0,0.0,0.0,0.0,659.0,1130.064,0.0,0.0,0.0,0.0,0.0,0.0,1130.064,-471.064,471.064
2024-01-05,gasoline,500.0,0.0,0.0,0.0,0.0,0.0,0.0,500.0,1035.2718571428572,0.0,0.0,0.0,0.0,0.0,0.0,1035.2718571428572,-535.2718571428571,535.2718571428571
2024-01-12,gasoline,549.0,0.0,0.0,0.0,0.0,0.0,0.0,549.0,997.3550000000001,0.0,0.0,0.0,0.0,0.0,0.0,997.3550000000001,-448.355,448.355
2024-01-19,gasoline,628.0,0.0,0.0,0.0,0.0,0.0,0.0,628.0,997.3550000000001,0.0,0.0,0.0,0.0,0.0,0.0,997.3550000000001,-369.355,369.355
2024-01-26,gasoline,400.0,0.0,0.0,0.0,0.0,0.0,0.0,400.0,997.3550000000001,0.0,0.0,0.0,0.0,0.0,0.0,997.3550000000001,-597.3550000000001,597.3550000000001
2024-02-02,gasoline,535.0,0.0,0.0,0.0,0.0,0.0,0.0,535.0,945.0072857142857,0.0,0.0,0.0,0.0,0.0,0.0,945.0072857142857,-410.00728571428573,410.00728571428573
2024-02-09,gasoline,435.0,0.0,0.0,0.0,0.0,0.0,0.0,435.0,814.1379999999999,0.0,0.0,0.0,0.0,0.0,0.0,814.1379999999999,-379.1379999999999,379.1379999999999
2024-02-16,gasoline,734.0,0.0,0.0,0.0,0.0,0.0,0.0,734.0,814.1379999999999,0.0,0.0,0.0,0.0,0.0,0.0,814.1379999999999,-80.13799999999992,80.13799999999992
2024-02-23,gasoline,384.0,0.0,0.0,0.0,0.0,0.0,0.0,384.0,814.1379999999999,0.0,0.0,0.0,0.0,0.0,0.0,814.1379999999999,-430.1379999999999,430.1379999999999
2024-03-01,gasoline,588.0,0.0,0.0,0.0,0.0,0.0,0.0,588.0,822.6942857142857,0.0,0.0,0.0,0.0,0.0,0.0,822.6942857142857,-234.69428571428566,234.69428571428566
2024-03-08,gasoline,633.0,0.0,0.0,0.0,0.0,0.0,0.0,633.0,874.032,0.0,0.0,0.0,0.0,0.0,0.0,874.032,-241.032,241.032
2024-03-15,gasoline,496.0,0.0,0.0,0.0,0.0,0.0,0.0,496.0,874.032,0.0,0.0,0.0,0.0,0.0,0.0,874.032,-378.03200000000004,378.03200000000004
2024-03-22,gasoline,521.0,0.0,0.0,0.0,0.0,0.0,0.0,521.0,874.032,0.0,0.0,0.0,0.0,0.0,0.0,874.032,-353.03200000000004,353.03200000000004
2024-03-29,gasoline,490.0,0.0,0.0,0.0,0.0,0.0,0.0,490.0,874.032,0.0,0.0,0.0,0.0,0.0,0.0,874.032,-384.03200000000004,384.03200000000004
2024-04-05,gasoline,729.0,0.0,0.0,0.0,0.0,0.0,0.0,729.0,834.8662857142856,0.0,0.0,0.0,0.0,0.0,0.0,834.8662857142856,-105.86628571428568,105.86628571428568
2024-04-12,gasoline,710.0,0.0,0.0,0.0,0.0,0.0,0.0,710.0,819.1999999999999,0.0,0.0,0.0,0.0,0.0,0.0,819.1999999999999,-109.19999999999993,109.19999999999993
2024-04-19,gasoline,779.0,0.0,0.0,0.0,0.0,0.0,0.0,779.0,819.1999999999999,0.0,0.0,0.0,0.0,0.0,0.0,819.1999999999999,-40.19999999999993,40.19999999999993
2024-04-26,gasoline,978.0,0.0,0.0,0.0,0.0,0.0,0.0,978.0,819.1999999999999,0.0,0.0,0.0,0.0,0.0,0.0,819.1999999999999,158.80000000000004,-158.80000000000004
2024-05-03,gasoline,720.0,0.0,0.0,0.0,0.0,0.0,0.0,720.0,831.1001428571428,0.0,0.0,0.0,0.0,0.0,0.0,831.1001428571428,-111.10014285714286,111.10014285714286
2024-05-10,gasoline,726.0,0.0,0.0,0.0,0.0,0.0,0.0,726.0,846.967,0.0,0.0,0.0,0.0,0.0,0.0,846.967,-120.9670000000001,120.9670000000001
2024-05-17,gasoline,772.0,0.0,0.0,0.0,0.0,0.0,0.0,772.0,846.967,0.0,0.0,0.0,0.0,0.0,0.0,846.967,-74.9670000000001,74.9670000000001
2024-05-24,gasoline,1092.0,0.0,0.0,0.0,0.0,0.0,0.0,1092.0,846.967,0.0,0.0,0.0,0.0,0.0,0.0,846.967,245.0329999999999,-245.0329999999999
2024-05-31,gasoline,699.0,0.0,0.0,0.0,0.0,0.0,0.0,699.0,846.967,0.0,0.0,0.0,0.0,0.0,0.0,846.967,-147.9670000000001,147.9670000000001
2024-06-07,gasoline,913.0,0.0,0.0,0.0,0.0,0.0,0.0,913.0,901.3340000000001,0.0,0.0,0.0,0.0,0.0,0.0,901.3340000000001,11.66599999999994,-11.66599999999994
2024-06-14,gasoline,1000.0,0.0,0.0,0.0,0.0,0.0,0.0,1000.0,901.3340000000001,0.0,0.0,0.0,0.0,0.0,0.0,901.3340000000001,98.66599999999994,-98.66599999999994
2024-06-21,gasoline,760.0,0.0,0.0,0.0,0.0,0.0,0.0,760.0,901.3340000000001,0.0,0.0,0.0,0.0,0.0,0.0,901.3340000000001,-141.33400000000006,141.33400000000006
2024-06-28,gasoline,852.0,0.0,0.0,0.0,0.0,0.0,0.0,852.0,901.3340000000001,0.0,0.0,0.0,0.0,0.0,0.0,901.3340000000001,-49.33400000000006,49.33400000000006
2024-07-05,gasoline,768.0,0.0,0.0,0.0,0.0,0.0,0.0,768.0,819.2747142857143,0.0,0.0,0.0,0.0,0.0,0.0,819.2747142857143,-51.27471428571424,51.27471428571424
2024-07-12,gasoline,728.0,0.0,0.0,0.0,0.0,0.0,0.0,728.0,786.4509999999999,0.0,0.0,0.0,0.0,0.0,0.0,786.4509999999999,-58.45099999999991,58.45099999999991
2024-07-19,gasoline,778.0,0.0,0.0,0.0,0.0,0.0,0.0,778.0,786.4509999999999,0.0,0.0,0.0,0.0,0.0,0.0,786.4509999999999,-8.450999999999908,8.450999999999908
2024-07-26,gasoline,917.0,0.0,0.0,0.0,0.0,0.0,0.0,917.0,786.4509999999999,0.0,0.0,0.0,0.0,0.0,0.0,786.4509999999999,130.5490000000001,-130.5490000000001
2024-08-02,gasoline,629.0,0.0,0.0,0.0,0.0,0.0,0.0,629.0,806.8752857142856,0.0,0.0,0.0,0.0,0.0,0.0,806.8752857142856,-177.87528571428564,177.87528571428564
2024-08-09,gasoline,578.0,0.0,0.0,0.0,0.0,0.0,0.0,578.0,857.936,0.0,0.0,0.0,0.0,0.0,0.0,857.936,-279.93600000000004,279.93600000000004
2024-08-16,gasoline,532.0,0.0,0.0,0.0,0.0,0.0,0.0,532.0,857.936,0.0,0.0,0.0,0.0,0.0,0.0,857.936,-325.93600000000004,325.93600000000004
2024-08-23,gasoline,867.0,0.0,0.0,0.0,0.0,0.0,0.0,867.0,857.936,0.0,0.0,0.0,0.0,0.0,0.0,857.936,9.063999999999965,-9.063999999999965
2024-08-30,gasoline,656.0,0.0,0.0,0.0,0.0,0.0,0.0,656.0,857.936,0.0,0.0,0.0,0.0,0.0,0.0,857.936,-201.936,201.936
2024-09-06,gasoline,644.0,0.0,0.0,0.0,0.0,0.0,0.0,644.0,791.0197142857143,0.0,0.0,0.0,0.0,0.0,0.0,791.0197142857143,-147.0197142857143,147.0197142857143
2024-09-13,gasoline,467.0,0.0,0.0,0.0,0.0,0.0,0.0,467.0,779.867,0.0,0.0,0.0,0.0,0.0,0.0,779.867,-312.8669999999999,312.8669999999999
2024-09-20,gasoline,746.0,0.0,0.0,0.0,0.0,0.0,0.0,746.0,779.867,0.0,0.0,0.0,0.0,0.0,0.0,779.867,-33.86699999999996,33.86699999999996
2024-09-27,gasoline,540.0,0.0,0.0,0.0,0.0,0.0,0.0,540.0,779.867,0.0,0.0,0.0,0.0,0.0,0.0,779.867,-239.86699999999996,239.86699999999996
2024-10-04,gasoline,429.0,0.0,0.0,0.0,0.0,0.0,0.0,429.0,831.5927142857142,0.0,0.0,0.0,0.0,0.0,0.0,831.5927142857142,-402.5927142857142,402.5927142857142
2024-10-11,gasoline,526.0,0.0,0.0,0.0,0.0,0.0,0.0,526.0,870.387,0.0,0.0,0.0,0.0,0.0,0.0,870.387,-344.387,344.387
2024-10-18,gasoline,515.0,0.0,0.0,0.0,0.0,0.0,0.0,515.0,870.387,0.0,0.0,0.0,0.0,0.0,0.0,870.387,-355.387,355.387
2024-10-25,gasoline,495.0,0.0,0.0,0.0,0.0,0.0,0.0,495.0,870.387,0.0,0.0,0.0,0.0,0.0,0.0,870.387,-375.387,375.387
2024-11-01,gasoline,229.0,0.0,0.0,0.0,0.0,0.0,0.0,229.0,900.1315714285713,0.0,0.0,0.0,0.0,0.0,0.0,900.1315714285713,-671.1315714285713,671.1315714285713
2024-11-08,gasoline,626.0,0.0,0.0,0.0,0.0,0.0,0.0,626.0,1078.599,0.0,0.0,0.0,0.0,0.0,0.0,1078.599,-452.5989999999999,452.5989999999999
2024-11-15,gasoline,374.0,0.0,0.0,0.0,0.0,0.0,0.0,374.0,1078.599,0.0,0.0,0.0,0.0,0.0,0.0,1078.599,-704.5989999999999,704.5989999999999
2024-11-22,gasoline,636.0,0.0,0.0,0.0,0.0,0.0,0.0,636.0,1078.599,0.0,0.0,0.0,0.0,0.0,0.0,1078.599,-442.5989999999999,442.5989999999999
2024-11-29,gasoline,512.0,0.0,0.0,0.0,0.0,0.0,0.0,512.0,1078.599,0.0,0.0,0.0,0.0,0.0,0.0,1078.599,-566.5989999999999,566.5989999999999
2024-12-06,gasoline,464.0,0.0,0.0,0.0,0.0,0.0,0.0,464.0,1150.1412857142857,0.0,0.0,0.0,0.0,0.0,0.0,1150.1412857142857,-686.1412857142858,686.1412857142858
2024-12-13,gasoline,754.0,0.0,0.0,0.0,0.0,0.0,0.0,754.0,1162.065,0.0,0.0,0.0,0.0,0.0,0.0,1162.065,-408.06500000000005,408.06500000000005
2024-12-20,gasoline,657.0,0.0,0.0,0.0,0.0,0.0,0.0,657.0,1162.065,0.0,0.0,0.0,0.0,0.0,0.0,1162.065,-505.06500000000005,505.06500000000005
2024-12-27,gasoline,664.0,0.0,0.0,0.0,0.0,0.0,0.0,664.0,1162.065,0.0,0.0,0.0,0.0,0.0,0.0,1162.065,-498.06500000000005,498.06500000000005
2025-01-03,gasoline,455.0,0.0,0.0,0.0,0.0,0.0,0.0,455.0,1037.3918571428571,0.0,0.0,0.0,0.0,0.0,0.0,1037.3918571428571,-582.3918571428572,582.3918571428572
2025-01-10,gasoline,450.0,0.0,0.0,0.0,0.0,0.0,0.0,450.0,871.1610000000001,0.0,0.0,0.0,0.0,0.0,0.0,871.1610000000001,-421.16100000000006,421.16100000000006
2025-01-17,gasoline,341.0,0.0,0.0,0.0,0.0,0.0,0.0,341.0,871.1610000000001,0.0,0.0,0.0,0.0,0.0,0.0,871.1610000000001,-530.1610000000001,530.1610000000001
2025-01-24,gasoline,634.0,0.0,0.0,0.0,0.0,0.0,0.0,634.0,871.1610000000001,0.0,0.0,0.0,0.0,0.0,0.0,871.1610000000001,-237.16100000000006,237.16100000000006
2025-01-31,gasoline,594.0,0.0,0.0,0.0,0.0,0.0,0.0,594.0,871.1610000000001,0.0,0.0,0.0,0.0,0.0,0.0,871.1610000000001,-277.16100000000006,277.16100000000006
2025-02-07,gasoline,318.0,0.0,0.0,0.0,0.0,0.0,0.0,318.0,887.893,0.0,0.0,0.0,0.0,0.0,0.0,887.893,-569.893,569.893
2025-02-14,gasoline,345.0,0.0,0.0,0.0,0.0,0.0,0.0,345.0,887.893,0.0,0.0,0.0,0.0,0.0,0.0,887.893,-542.893,542.893
2025-02-21,gasoline,462.0,0.0,0.0,0.0,0.0,0.0,0.0,462.0,887.893,0.0,0.0,0.0,0.0,0.0,0.0,887.893,-425.89300000000003,425.89300000000003
2025-02-28,gasoline,603.0,0.0,0.0,0.0,0.0,0.0,0.0,603.0,887.893,0.0,0.0,0.0,0.0,0.0,0.0,887.893,-284.89300000000003,284.89300000000003
2025-03-07,gasoline,578.0,0.0,0.0,0.0,0.0,0.0,0.0,578.0,986.162,0.0,0.0,0.0,0.0,0.0,0.0,986.162,-408.162,408.162
2025-03-14,gasoline,656.0,0.0,0.0,0.0,0.0,0.0,0.0,656.0,986.162,0.0,0.0,0.0,0.0,0.0,0.0,986.162,-330.162,330.162
2025-03-21,gasoline,590.0,0.0,0.0,0.0,0.0,0.0,0.0,590.0,986.162,0.0,0.0,0.0,0.0,0.0,0.0,986.162,-396.162,396.162
2025-03-28,gasoline,748.0,0.0,0.0,0.0,0.0,0.0,0.0,748.0,986.162,0.0,0.0,0.0,0.0,0.0,0.0,986.162,-238.16200000000003,238.16200000000003
2025-04-04,gasoline,779.0,0.0,0.0,0.0,0.0,0.0,0.0,779.0,884.0694285714286,0.0,0.0,0.0,0.0,0.0,0.0,884.0694285714286,-105.06942857142859,105.06942857142859
2025-04-11,gasoline,531.0,0.0,0.0,0.0,0.0,0.0,0.0,531.0,807.5,0.0,0.0,0.0,0.0,0.0,0.0,807.5,-276.5,276.5
2025-04-18,gasoline,858.0,0.0,0.0,0.0,0.0,0.0,0.0,858.0,807.5,0.0,0.0,0.0,0.0,0.0,0.0,807.5,50.5,-50.5
2025-04-25,gasoline,581.0,0.0,0.0,0.0,0.0,0.0,0.0,581.0,807.5,0.0,0.0,0.0,0.0,0.0,0.0,807.5,-226.5,226.5
2025-05-02,gasoline,764.0,0.0,0.0,0.0,0.0,0.0,0.0,764.0,820.4722857142858,0.0,0.0,0.0,0.0,0.0,0.0,820.4722857142858,-56.47228571428572,56.47228571428572
2025-05-09,gasoline,822.0,0.0,0.0,0.0,0.0,0.0,0.0,822.0,852.903,0.0,0.0,0.0,0.0,0.0,0.0,852.903,-30.90300000000002,30.90300000000002
2025-05-16,gasoline,748.0,0.0,0.0,0.0,0.0,0.0,0.0,748.0,852.903,0.0,0.0,0.0,0.0,0.0,0.0,852.903,-104.90300000000002,104.90300000000002
2025-05-23,gasoline,756.0,0.0,0.0,0.0,0.0,0.0,0.0,756.0,852.903,0.0,0.0,0.0,0.0,0.0,0.0,852.903,-96.90300000000002,96.90300000000002
2025-05-30,gasoline,846.0,0.0,0.0,0.0,0.0,0.0,0.0,846.0,852.903,0.0,0.0,0.0,0.0,0.0,0.0,852.903,-6.90300000000002,6.90300000000002
2025-06-06,gasoline,914.0,0.0,0.0,0.0,0.0,0.0,0.0,914.0,934.2724285714286,0.0,0.0,0.0,0.0,0.0,0.0,934.2724285714286,-20.272428571428627,20.272428571428627
2025-06-13,gasoline,960.0,0.0,0.0,0.0,0.0,0.0,0.0,960.0,947.8340000000001,0.0,0.0,0.0,0.0,0.0,0.0,947.8340000000001,12.16599999999994,-12.16599999999994
2025-06-20,gasoline,1008.0,0.0,0.0,0.0,0.0,0.0,0.0,1008.0,947.8340000000001,0.0,0.0,0.0,0.0,0.0,0.0,947.8340000000001,60.16599999999994,-60.16599999999994
2025-06-27,gasoline,907.0,0.0,0.0,0.0,0.0,0.0,0.0,907.0,947.8340000000001,0.0,0.0,0.0,0.0,0.0,0.0,947.8340000000001,-40.83400000000006,40.83400000000006
2025-07-04,gasoline,831.0,0.0,0.0,0.0,0.0,0.0,0.0,831.0,905.0351428571429,0.0,0.0,0.0,0.0,0.0,0.0,905.0351428571429,-74.03514285714284,74.03514285714284
2025-07-11,gasoline,625.0,0.0,0.0,0.0,0.0,0.0,0.0,625.0,872.9359999999999,0.0,0.0,0.0,0.0,0.0,0.0,872.9359999999999,-247.93599999999992,247.93599999999992
2025-07-18,gasoline,606.0,0.0,0.0,0.0,0.0,0.0,0.0,606.0,872.9359999999999,0.0,0.0,0.0,0.0,0.0,0.0,872.9359999999999,-266.9359999999999,266.9359999999999
2025-07-25,gasoline,691.0,0.0,0.0,0.0,0.0,0.0,0.0,691.0,872.9359999999999,0.0,0.0,0.0,0.0,0.0,0.0,872.9359999999999,-181.93599999999992,181.93599999999992
2025-08-01,gasoline,534.0,0.0,0.0,0.0,0.0,0.0,0.0,534.0,872.5809999999999,0.0,0.0,0.0,0.0,0.0,0.0,872.5809999999999,-338.58099999999996,338.58099999999996
2025-08-08,gasoline,632.0,0.0,0.0,0.0,0.0,0.0,0.0,632.0,870.451,0.0,0.0,0.0,0.0,0.0,0.0,870.451,-238.45100000000002,238.45100000000002
2025-08-15,gasoline,655.0,0.0,0.0,0.0,0.0,0.0,0.0,655.0,870.451,0.0,0.0,0.0,0.0,0.0,0.0,870.451,-215.45100000000002,215.45100000000002
2025-08-22,gasoline,767.0,0.0,0.0,0.0,0.0,0.0,0.0,767.0,870.451,0.0,0.0,0.0,0.0,0.0,0.0,870.451,-103.45100000000002,103.45100000000002
2025-08-29,gasoline,582.0,0.0,0.0,0.0,0.0,0.0,0.0,582.0,870.451,0.0,0.0,0.0,0.0,0.0,0.0,870.451,-288.451,288.451
2025-09-05,gasoline,681.0,0.0,0.0,0.0,0.0,0.0,0.0,681.0,887.6288571428571,0.0,0.0,0.0,0.0,0.0,0.0,887.6288571428571,-206.62885714285716,206.62885714285716
2025-09-12,gasoline,569.0,0.0,0.0,0.0,0.0,0.0,0.0,569.0,894.5,0.0,0.0,0.0,0.0,0.0,0.0,894.5,-325.5,325.5
2025-09-19,gasoline,507.0,0.0,0.0,0.0,0.0,0.0,0.0,507.0,894.5,0.0,0.0,0.0,0.0,0.0,0.0,894.5,-387.5,387.5
2025-09-26,gasoline,668.0,0.0,0.0,0.0,0.0,0.0,0.0,668.0,894.5,0.0,0.0,0.0,0.0,0.0,0.0,894.5,-226.5,226.5
2025-10-03,gasoline,626.0,0.0,0.0,0.0,0.0,0.0,0.0,626.0,927.5484285714285,0.0,0.0,0.0,0.0,0.0,0.0,927.5484285714285,-301.5484285714286,301.5484285714286
2025-10-10,gasoline,533.0,0.0,0.0,0.0,0.0,0.0,0.0,533.0,971.613,0.0,0.0,0.0,0.0,0.0,0.0,971.613,-438.613,438.613
2025-10-17,gasoline,506.0,0.0,0.0,0.0,0.0,0.0,0.0,506.0,971.613,0.0,0.0,0.0,0.0,0.0,0.0,971.613,-465.613,465.613
2025-10-24,gasoline,467.0,0.0,0.0,0.0,0.0,0.0,0.0,467.0,971.613,0.0,0.0,0.0,0.0,0.0,0.0,971.613,-504.613,504.613
2025-10-31,gasoline,588.0,0.0,0.0,0.0,0.0,0.0,0.0,588.0,971.613,0.0,0.0,0.0,0.0,0.0,0.0,971.613,-383.613,383.613
2025-11-07,gasoline,549.0,0.0,0.0,0.0,0.0,0.0,0.0,549.0,1258.5,0.0,0.0,0.0,0.0,0.0,0.0,1258.5,-709.5,709.5
2025-11-14,gasoline,649.0,0.0,0.0,0.0,0.0,0.0,0.0,649.0,1258.5,0.0,0.0,0.0,0.0,0.0,0.0,1258.5,-609.5,609.5
2025-11-21,gasoline,658.0,0.0,0.0,0.0,0.0,0.0,0.0,658.0,1258.5,0.0,0.0,0.0,0.0,0.0,0.0,1258.5,-600.5,600.5
2025-11-28,gasoline,771.0,0.0,0.0,0.0,0.0,0.0,0.0,771.0,1258.5,0.0,0.0,0.0,0.0,0.0,0.0,1258.5,-487.5,487.5
2025-12-05,gasoline,659.0,0.0,0.0,0.0,0.0,0.0,0.0,659.0,1196.9678571428572,0.0,0.0,0.0,0.0,0.0,0.0,1196.9678571428572,-537.9678571428572,537.9678571428572
2025-12-12,gasoline,834.0,0.0,0.0,0.0,0.0,0.0,0.0,834.0,1172.355,0.0,0.0,0.0,0.0,0.0,0.0,1172.355,-338.355,338.355
2025-12-19,gasoline,669.0,0.0,0.0,0.0,0.0,0.0,0.0,669.0,1172.355,0.0,0.0,0.0,0.0,0.0,0.0,1172.355,-503.355,503.355
2025-12-26,gasoline,525.0,0.0,0.0,0.0,0.0,0.0,0.0,525.0,1172.355,0.0,0.0,0.0,0.0,0.0,0.0,1172.355,-647.3550000000001,647.3550000000001
2026-01-02,gasoline,549.0,0.0,0.0,0.0,0.0,0.0,0.0,549.0,1139.940142857143,0.0,0.0,0.0,0.0,0.0,0.0,1139.940142857143,-590.9401428571429,590.9401428571429
2026-01-09,gasoline,448.0,0.0,0.0,0.0,0.0,0.0,0.0,448.0,1058.903,0.0,0.0,0.0,0.0,0.0,0.0,1058.903,-610.903,610.903
2026-01-16,gasoline,412.0,0.0,0.0,0.0,0.0,0.0,0.0,412.0,1058.903,0.0,0.0,0.0,0.0,0.0,0.0,1058.903,-646.903,646.903
2026-01-23,gasoline,365.0,0.0,0.0,0.0,0.0,0.0,0.0,365.0,1058.903,0.0,0.0,0.0,0.0,0.0,0.0,1058.903,-693.903,693.903
2026-01-30,gasoline,395.0,0.0,0.0,0.0,0.0,0.0,0.0,395.0,1058.903,0.0,0.0,0.0,0.0,0.0,0.0,1058.903,-663.903,663.903
2026-02-06,gasoline,366.0,0.0,0.0,0.0,0.0,0.0,0.0,366.0,1081.7012857142856,0.0,0.0,0.0,0.0,0.0,0.0,1081.7012857142856,-715.7012857142856,715.7012857142856
2026-02-13,gasoline,353.0,0.0,0.0,0.0,0.0,0.0,0.0,353.0,1085.501,0.0,0.0,0.0,0.0,0.0,0.0,1085.501,-732.501,732.501
2026-02-20,gasoline,563.0,0.0,0.0,0.0,0.0,0.0,0.0,563.0,1085.501,0.0,0.0,0.0,0.0,0.0,0.0,1085.501,-522.501,522.501
2026-02-27,gasoline,438.0,0.0,0.0,0.0,0.0,0.0,0.0,438.0,1085.501,0.0,0.0,0.0,0.0,0.0,0.0,1085.501,-647.501,647.501
2026-03-06,gasoline,541.0,0.0,0.0,0.0,0.0,0.0,0.0,541.0,982.4081428571428,0.0,0.0,0.0,0.0,0.0,0.0,982.4081428571428,-441.4081428571429,441.4081428571429
2026-03-13,gasoline,447.0,0.0,0.0,0.0,0.0,0.0,0.0,447.0,965.226,0.0,0.0,0.0,0.0,0.0,0.0,965.226,-518.226,518.226
2026-03-20,gasoline,442.0,0.0,0.0,0.0,0.0,0.0,0.0,442.0,965.226,0.0,0.0,0.0,0.0,0.0,0.0,965.226,-523.226,523.226
2026-03-27,gasoline,502.0,0.0,0.0,0.0,0.0,0.0,0.0,502.0,965.226,0.0,0.0,0.0,0.0,0.0,0.0,965.226,-463.226,463.226
2026-04-03,gasoline,570.0,0.0,0.0,0.0,0.0,0.0,0.0,570.0,911.8148571428571,0.0,0.0,0.0,0.0,0.0,0.0,911.8148571428571,-341.8148571428571,341.8148571428571
2026-04-10,gasoline,316.0,0.0,0.0,0.0,0.0,0.0,0.0,316.0,840.5999999999998,0.0,0.0,0.0,0.0,0.0,0.0,840.5999999999998,-524.5999999999999,524.5999999999999
2026-04-17,gasoline,586.0,0.0,0.0,0.0,0.0,0.0,0.0,586.0,840.5999999999998,0.0,0.0,0.0,0.0,0.0,0.0,840.5999999999998,-254.5999999999999,254.5999999999999
2026-04-24,gasoline,344.0,0.0,0.0,0.0,0.0,0.0,0.0,344.0,840.5999999999998,0.0,0.0,0.0,0.0,0.0,0.0,840.5999999999998,-496.5999999999999,496.5999999999999
2026-05-01,gasoline,756.0,0.0,0.0,0.0,0.0,0.0,0.0,756.0,720.5142857142856,0.0,0.0,0.0,0.0,0.0,0.0,720.5142857142856,-72.51428571428563,72.51428571428563
2026-05-08,gasoline,303.0,0.0,0.0,0.0,0.0,0.0,0.0,303.0,0.0,0.0,0.0,0.0,0.0,0.0,0.0,0.0,0.0,0.0
2026-05-15,gasoline,548.0,0.0,0.0,0.0,0.0,0.0,0.0,548.0,0.0,0.0,0.0,0.0,0.0,0.0,0.0,0.0,0.0,0.0
2026-05-22,gasoline,556.0,0.0,0.0,0.0,0.0,0.0,0.0,556.0,0.0,0.0,0.0,0.0,0.0,0.0,0.0,0.0,0.0,0.0
2026-05-29,gasoline,0.0,0.0,0.0,0.0,0.0,0.0,0.0,0.0,0.0,0.0,0.0,0.0,0.0,0.0,0.0,0.0,0.0,0.0
2026-06-05,gasoline,0.0,0.0,0.0,0.0,0.0,0.0,0.0,0.0,0.0,0.0,0.0,0.0,0.0,0.0,0.0,0.0,0.0,0.0
2026-06-12,gasoline,0.0,0.0,0.0,0.0,0.0,0.0,0.0,0.0,0.0,0.0,0.0,0.0,0.0,0.0,0.0,0.0,0.0,0.0
2026-06-19,gasoline,648.0,0.0,0.0,0.0,0.0,0.0,0.0,648.0,0.0,0.0,0.0,0.0,0.0,0.0,0.0,0.0,0.0,0.0
2026-06-26,gasoline,638.0,0.0,0.0,0.0,0.0,0.0,0.0,638.0,0.0,0.0,0.0,0.0,0.0,0.0,0.0,0.0,0.0,0.0
2026-07-03,gasoline,0.0,0.0,0.0,0.0,0.0,0.0,0.0,0.0,0.0,0.0,0.0,0.0,0.0,0.0,0.0,0.0,0.0,0.0
2026-07-10,gasoline,0.0,0.0,0.0,0.0,0.0,0.0,0.0,0.0,0.0,0.0,0.0,0.0,0.0,0.0,0.0,0.0,0.0,0.0
2026-07-17,gasoline,0.0,0.0,0.0,0.0,0.0,0.0,0.0,0.0,0.0,0.0,0.0,0.0,0.0,0.0,0.0,0.0,0.0,0.0
2026-07-24,gasoline,0.0,0.0,0.0,0.0,0.0,0.0,0.0,0.0,0.0,0.0,0.0,0.0,0.0,0.0,0.0,0.0,0.0,0.0
2026-07-31,gasoline,0.0,0.0,0.0,0.0,0.0,0.0,0.0,0.0,0.0,0.0,0.0,0.0,0.0,0.0,0.0,0.0,0.0,0.0
2026-08-07,gasoline,0.0,0.0,0.0,0.0,0.0,0.0,0.0,0.0,0.0,0.0,0.0,0.0,0.0,0.0,0.0,0.0,0.0,0.0
2026-08-14,gasoline,0.0,0.0,0.0,0.0,0.0,0.0,0.0,0.0,0.0,0.0,0.0,0.0,0.0,0.0,0.0,0.0,0.0,0.0
