Date;Canada;India;South Korea;Kuwait;Saudi Arabia;United Arab Emirates;Nigeria;Japan;Italy;France;Qatar;Algeria;Spain;Bahamas;Colombia;United Kingdom;Greece;Venezuela;Denmark;United States Virgin Islands;Russian Federation;Netherlands;China;Belgium;Taiwan;Oman;Panama;Malaysia;Germany;Trinidad and Tobago;Mexico;Morocco;Angola;Period End Date
2018-01-05;0;0;53.54;0;0;0;0;0;0;0;0;0;0;0;12.89;0;0;0;0;0;0;0;0;0;0;0;0;0;0;0;0;0;0;2018-01-05
2018-01-12;49.34;0;0;0;0;0;0;0;0;0;0;0;0;0;35.36;0;0;0;0;0;0;0;0;0;0;0;0;0;0;0;0;0;0;2018-01-12
2018-01-19;18.08;72.91;51.83;0;0;0;0;0;0;0;0;0;0;0;0;0;0;0;0;0;0;0;0;0;0;0;0;0;0;0;0;0;0;2018-01-19
2018-01-26;12.24;42.86;25.02;30.86;0;0;0;0;0;0;0;0;0;0;0;0;0;0;0;0;0;0;0;0;0;0;0;0;0;0;0;0;0;2018-01-26
2018-02-02;39.36;49.97;18.07;0;0;0;0;0;0;0;0;0;0;0;0;0;0;0;0;0;0;0;0;0;0;0;0;0;0;0;0;0;0;2018-02-02
2018-02-09;0;0;26.56;0;0;0;0;0;0;0;0;0;0;0;0;0;0;34.77;0;0;0;0;0;0;0;0;0;0;0;0;0;0;0;2018-02-09
2018-02-16;19.29;0;0;0;0;0;0;0;0;0;0;0;0;0;0;0;0;0;0;0;0;0;0;0;0;0;0;0;0;0;0;0;0;2018-02-16
2018-02-23;0;71.81;0;0;0;0;0;0;0;0;0;0;0;0;0;0;0;0;0;0;0;0;0;0;0;0;0;0;0;0;0;0;0;2018-02-23
2018-03-02;19.29;0;0;0;0;0;0;0;0;0;0;0;0;0;0;0;0;0;0;28.72;0;0;0;0;0;0;0;0;0;0;0;0;0;2018-03-02
2018-03-09;0;0;0;0;0;0;0;0;0;0;0;0;0;0;0;0;0;0;0;0;0;0;14.29;0;0;0;0;0;0;0;0;0;0;2018-03-09
2018-03-16;6.56;0;0;0;0;0;0;0;0;0;0;0;0;0;0;0;0;40.09;0;0;0;0;22.85;0;0;0;0;0;0;0;0;0;0;2018-03-16
2018-03-23;15.80;0;0;0;0;0;0;0;0;0;0;0;0;0;0;0;0;31.54;0;0;0;0;0;0;0;0;0;0;0;0;0;0;0;2018-03-23
2018-03-30;0;12.76;0;0;0;0;0;0;0;0;0;0;0;0;0;0;0;0;0;0;0;0;0;0;0;0;0;0;13.53;0;0;0;0;2018-03-30
2018-04-06;67.62;0;0;0;0;0;0;0;0;0;0;0;0;0;0;0;0;0;0;0;0;0;0;0;0;0;0;0;20.29;0;0;0;0;2018-04-06
2018-04-13;5.52;35.29;0;0;0;0;0;0;0;0;0;0;0;0;0;0;0;0;0;0;0;0;0;0;0;0;0;0;0;0;0;0;0;2018-04-13
2018-04-20;12.10;54.92;0;0;0;0;0;0;0;0;0;0;0;0;0;0;0;0;0;0;0;0;0;0;0;0;0;0;0;0;0;0;0;2018-04-20
2018-04-27;22.28;46.86;1.18;0;0;0;0;0;0;0;0;0;0;0;0;0;0;0;0;0;0;0;0;0;0;0;0;0;0;0;0;0;0;2018-04-27
2018-05-04;0;52.14;0;0;0;0;0;0;0;0;0;0;0;0;0;0;0;0;0;0;0;0;0;0;0;0;0;0;0;0;0;0;0;2018-05-04
2018-05-11;27.14;32.19;0;0;0;0;0;0;0;0;0;0;0;0;0;0;0;0;0;0;0;0;0;0;0;0;0;0;0;0;0;0;0;2018-05-11
2018-05-18;62.40;0;0;0;0;0;0;0;0;0;0;0;0;0;0;0;0;0;0;0;0;0;0;0;0;0;0;0;0;0;0;0;0;2018-05-18
2018-05-25;12.86;0;0;30.00;0;0;0;0;0;0;0;0;0;0;0;0;0;0;0;0;0;0;0;0;0;0;0;0;0;0;0;0;0;2018-05-25
2018-06-01;12.24;39.22;14.29;0;0;0;0;25.00;0;0;0;0;0;0;0;0;0;0;0;0;0;0;0;0;0;0;0;0;0;0;0;0;0;2018-06-01
2018-06-08;12.86;0;0;0;0;0;0;0;0;0;0;0;0;0;0;0;0;0;0;0;0;0;0;0;0;0;0;0;0;0;0;0;0;2018-06-08
2018-06-15;50.43;0;0;0;0;0;0;0;0;0;0;0;0;0;0;0;0;34.21;0;0;0;0;0;0;0;0;0;0;0;0;0;0;0;2018-06-15
2018-06-22;25.25;0;59.79;0;0;0;0;0;0;0;0;0;0;0;0;0;0;0;0;0;0;0;0;0;0;0;0;0;0;0;0;0;0;2018-06-22
2018-06-29;19.29;0;29.97;0;0;0;0;0;0;0;0;0;0;0;0;0;0;0;0;0;0;0;0;0;0;0;0;0;0;0;0;0;0;2018-06-29
2018-07-06;0;0;74.51;0;0;0;0;0;0;0;0;0;0;0;0;0;0;0;0;0;0;0;0;0;0;0;0;0;0;0;0;0;0;2018-07-06
2018-07-13;17.14;0;0;0;0;0;0;0;0;0;0;0;0;0;0;0;0;0;0;0;0;0;0;0;0;0;0;0;0;0;0;0;0;2018-07-13
2018-07-20;0;0;63.51;0;0;0;0;0;0;0;0;0;0;0;0;0;0;0;0;0;0;0;0;0;0;0;0;0;0;0;0;0;0;2018-07-20
2018-07-27;19.29;39.52;70.99;0;0;0;0;0;0;0;0;0;0;0;0;0;0;0;0;0;0;0;0;0;0;0;0;0;0;0;0;0;0;2018-07-27
2018-08-03;21.08;0;0;0;0;0;0;0;0;0;0;0;0;0;15.41;0;0;0;0;0;0;0;0;0;0;0;0;0;0;0;0;0;0;2018-08-03
2018-08-10;54.30;46.43;0;0;0;0;0;0;0;0;0;0;0;0;0;0;0;0;0;0;0;0;0;0;0;0;0;0;0;0;0;0;0;2018-08-10
2018-08-17;19.29;0;70.41;0;0;0;0;0;0;0;0;0;0;0;0;0;0;0;0;0;0;0;0;0;0;0;0;0;0;0;0;0;0;2018-08-17
2018-08-24;35.40;0;23.57;0;0;0;0;0;0;0;0;0;0;0;0;0;0;0;0;0;0;0;0;0;0;0;0;0;0;0;0;0;0;2018-08-24
2018-08-31;38.57;55.58;0;0;0;0;0;0;0;0;0;0;0;0;0;0;0;0;0;0;0;0;0;0;0;0;0;0;0;0;0;0;0;2018-08-31
2018-09-07;0;0;0;0;0;0;0;0;0;0;0;0;0;0;0;0;0;0;0;0;0;0;0;0;0;0;0;0;0;0;0;0;0;2018-09-07
2018-09-14;24.86;0;10.85;0;0;0;0;0;0;0;0;0;0;0;0;0;0;0;0;0;0;0;0;0;0;0;0;0;0;0;0;0;0;2018-09-14
2018-09-21;17.39;59.65;154.14;0;0;0;0;0;0;0;0;0;0;0;24.67;0;0;0;0;0;0;0;0;0;0;0;0;0;0;0;0;0;0;2018-09-21
2018-09-28;5.43;0;114.68;0;0;0;0;0;0;0;0;0;0;0;0;0;0;0;0;0;0;0;0;0;0;0;0;0;0;0;0;0;0;2018-09-28
2018-10-05;46.67;57.17;0;0;0;0;0;0;0;0;0;0;0;0;8.85;0;0;0;0;0;0;0;0;0;0;0;0;0;0;0;0;0;0;2018-10-05
2018-10-12;4.57;0;0;0;0;0;0;0;0;0;0;0;0;0;0;0;0;0;0;0;0;0;0;0;0;0;0;0;0;0;0;0;0;2018-10-12
2018-10-19;0;46.23;60.20;0;0;0;0;0;0;0;0;0;0;0;0;0;0;0;0;0;0;0;0;0;0;0;0;0;0;0;0;0;0;2018-10-19
2018-10-26;0;0;0;0;43.36;0;0;0;0;0;0;0;0;0;0;0;0;0;0;0;0;0;0;0;0;0;0;0;0;0;0;0;0;2018-10-26
2018-11-02;49.25;0;0;0;0;0;0;0;0;0;0;0;0;0;0;0;0;0;0;0;0;0;0;0;0;0;0;0;0;0;0;0;0;2018-11-02
2018-11-09;0;0;0;0;0;0;0;0;0;0;0;0;0;0;0;0;0;0;0;38.91;0;0;0;0;0;0;0;0;0;0;0;0;0;2018-11-09
2018-11-16;17.14;0;0;0;0;0;0;0;0;0;0;0;32.86;14.25;0;0;0;0;0;0;0;0;0;0;0;0;0;0;0;0;0;0;0;2018-11-16
2018-11-23;6.43;0;0;0;0;0;0;38.56;0;0;0;0;0;0;0;0;0;0;0;0;0;0;0;0;0;0;0;0;0;0;0;0;0;2018-11-23
2018-11-30;0;0;0;0;0;0;0;0;0;0;0;0;0;0;0;0;0;0;0;0;0;0;0;0;0;0;0;0;0;0;0;0;0;2018-11-30
2018-12-07;48.16;0;0;0;56.14;0;0;0;0;0;0;0;0;0;0;0;0;0;0;0;0;0;0;0;0;0;0;0;0;0;0;0;0;2018-12-07
2018-12-14;17.14;0;0;0;0;0;0;0;0;0;0;0;0;0;0;0;0;0;0;0;0;0;0;0;0;0;0;0;0;0;0;0;0;2018-12-14
2018-12-21;4.59;0;0;0;0;0;0;0;0;0;0;0;0;0;0;0;0;0;0;0;0;0;0;0;0;0;0;0;0;0;0;0;0;2018-12-21
2018-12-28;0;0;0;0;40.02;0;0;0;0;0;0;0;0;0;0;0;0;0;0;0;0;0;0;0;0;0;0;0;0;6.21;0;0;0;2018-12-28
2019-01-04;18.76;0;0;0;0;0;0;0;0;0;0;0;0;47.72;0;0;0;0;0;0;0;0;0;0;0;0;0;0;0;0;0;0;0;2019-01-04
2019-01-11;0;0;0;10.83;57.71;24.88;0;0;0;0;0;0;0;0;0;0;0;0;0;0;0;0;0;0;0;0;0;0;0;0;0;0;0;2019-01-11
2019-01-18;0;0;0;0;0;0;0;0;0;0;0;0;0;0;0;0;0;0;0;0;0;0;39.34;0;0;0;0;0;0;0;0;0;0;2019-01-18
2019-01-25;24.38;56.25;0;0;0;0;0;0;0;0;0;0;0;0;0;0;0;0;0;0;0;0;0;0;0;0;0;0;0;0;0;0;0;2019-01-25
2019-02-01;41.46;56.88;0;0;0;0;0;0;0;0;0;0;0;0;0;0;0;0;0;12.18;0;0;0;0;0;0;0;0;0;0;0;0;0;2019-02-01
2019-02-08;11.43;0;112.99;0;0;0;0;0;0;0;36.34;0;0;0;0;0;0;0;0;0;0;0;0;0;0;0;0;0;0;0;0;0;0;2019-02-08
2019-02-15;24.68;0;35.41;0;47.13;0;0;0;0;0;0;0;0;0;0;0;0;0;0;0;0;0;0;0;0;0;0;0;0;0;0;0;0;2019-02-15
2019-02-22;18.82;47.14;0;0;0;0;0;0;39.11;0;0;0;0;0;0;0;0;0;0;0;0;0;0;0;0;0;0;0;0;0;0;0;0;2019-02-22
2019-03-01;9.38;0;0;0;34.29;0;0;0;0;0;0;0;0;0;0;0;0;0;0;0;0;0;0;0;0;0;0;0;0;0;0;0;0;2019-03-01
2019-03-08;54.67;0;0;0;86.86;0;0;0;0;0;0;0;0;0;0;0;0;0;0;0;0;0;0;0;0;0;0;0;0;0;0;0;0;2019-03-08
2019-03-15;25.13;0;17.71;0;0;0;0;0;0;0;0;0;0;0;0;0;0;0;0;0;0;0;0;0;0;0;0;0;0;0;0;0;0;2019-03-15
2019-03-22;19.29;0;10.71;0;0;0;0;0;0;0;0;0;0;0;0;0;0;0;0;0;0;0;0;0;0;0;0;0;0;0;0;0;0;2019-03-22
2019-03-29;0;0;42.35;0;34.00;0;0;0;0;0;0;0;0;0;0;0;0;0;0;0;0;0;0;0;0;0;0;0;0;0;0;0;0;2019-03-29
2019-04-05;25.05;57.86;41.81;0;62.09;0;0;0;0;0;6.58;0;0;0;0;0;0;0;0;0;0;0;0;0;0;0;0;0;0;0;0;0;0;2019-04-05
2019-04-12;59.29;0;24.29;0;0;0;0;0;0;0;0;0;0;0;0;0;0;0;0;0;0;0;0;0;0;0;0;0;0;0;0;0;0;2019-04-12
2019-04-19;19.29;0;21.92;0;0;0;0;0;0;0;0;0;0;0;0;0;0;0;0;0;0;0;0;0;0;0;0;0;0;0;0;0;0;2019-04-19
2019-04-26;15.71;50.57;0;0;0;0;0;0;0;0;0;0;0;0;0;0;0;0;0;0;0;0;0;0;0;0;0;0;0;0;0;0;0;2019-04-26
2019-05-03;27.57;0;0;0;0;0;0;0;0;0;0;0;0;0;0;0;0;0;0;0;0;0;0;0;0;0;0;0;0;0;0;0;0;2019-05-03
2019-05-10;49.16;0;0;0;0;0;0;0;0;0;0;0;0;0;0;0;0;0;0;0;0;0;0;0;0;0;0;0;0;0;0;0;0;2019-05-10
2019-05-17;6.43;44.29;69.91;0;0;0;0;0;0;0;0;0;0;0;0;0;0;0;0;0;0;0;0;0;0;0;0;0;0;0;0;0;0;2019-05-17
2019-05-24;31.71;0;0;0;0;0;0;0;0;0;0;0;0;0;0;0;0;0;0;0;0;0;0;0;0;0;0;0;0;0;0;0;0;2019-05-24
2019-05-31;14.29;0;0;0;0;0;0;0;0;0;0;0;0;0;0;0;0;0;0;0;0;0;0;0;0;0;0;0;0;0;0;0;0;2019-05-31
2019-06-07;45.53;43.09;0;0;0;0;0;0;0;0;0;0;0;0;0;0;0;0;0;0;0;0;0;0;0;0;0;0;0;0;0;0;0;2019-06-07
2019-06-14;0;0;71.15;0;0;0;0;0;0;0;0;0;0;0;0;0;0;0;0;0;0;0;0;0;0;0;0;0;0;0;0;0;0;2019-06-14
2019-06-21;72.63;0;0;0;0;0;0;0;0;0;0;0;0;0;0;0;0;0;0;0;0;0;0;0;0;0;0;0;0;0;0;0;0;2019-06-21
2019-06-28;7.02;0;0;0;0;0;0;21.96;0;0;0;0;0;0;0;0;0;0;0;0;0;0;0;0;0;0;0;0;0;0;0;0;0;2019-06-28
2019-07-05;54.17;0;50.31;0;0;0;0;0;0;0;0;0;0;0;0;0;0;0;0;0;0;0;0;0;0;0;0;0;0;0;0;0;0;2019-07-05
2019-07-12;26.75;0;0;36.35;0;38.31;0;0;0;0;0;0;0;0;0;0;0;0;0;0;0;0;0;0;0;0;0;0;0;0;0;0;0;2019-07-12
2019-07-19;29.24;0;11.43;0;0;33.58;0;0;0;0;0;0;0;0;0;0;0;0;0;0;0;0;0;0;0;0;0;0;0;0;0;0;0;2019-07-19
2019-07-26;52.86;56.14;43.80;0;0;0;0;0;0;0;0;0;0;0;0;0;0;0;0;0;0;0;0;0;0;0;0;0;0;0;0;0;0;2019-07-26
2019-08-02;27.14;0;0;0;0;0;0;0;0;0;0;0;0;0;0;0;0;0;0;0;0;0;0;0;0;0;0;0;0;0;0;0;0;2019-08-02
2019-08-09;19.71;0;0;0;0;0;0;0;0;0;0;0;1.69;0;0;0;0;0;0;0;0;0;0;0;0;0;0;0;0;0;0;0;0;2019-08-09
2019-08-16;19.29;35.71;0;0;0;0;0;0;0;0;0;0;0;0;0;0;0;0;0;0;0;0;0;0;0;0;0;0;0;0;0;0;0;2019-08-16
2019-08-23;0;0;0;0;0;0;0;0;0;0;0;0;0;0;0;0;0;0;0;0;0;0;0;0;0;0;0;0;0;0;0;0;0;2019-08-23
2019-08-30;51.42;0;38.53;0;0;0;0;0;0;0;0;0;0;0;0;0;0;0;0;0;0;0;0;0;0;0;0;0;0;0;0;0;0;2019-08-30
2019-09-06;4.57;54.47;0;0;0;0;0;0;0;0;0;0;0;0;0;0;0;0;0;0;0;0;0;0;0;0;0;0;0;0;0;0;0;2019-09-06
2019-09-13;21.43;0;53.57;0;0;0;0;0;0;0;0;0;0;0;0;0;0;0;0;0;0;0;0;0;0;0;0;0;0;0;0;0;0;2019-09-13
2019-09-20;39.83;0;35.03;0;0;0;0;0;0;0;0;0;0;0;0;0;0;0;0;0;0;0;0;0;0;0;0;0;0;0;0;0;0;2019-09-20
2019-09-27;12.74;0;0;0;0;0;0;0;0;0;0;0;0;0;0;0;0;0;0;0;0;0;0;0;0;0;0;0;0;0;0;0;0;2019-09-27
2019-10-04;12.86;0;0;0;0;0;0;0;0;0;0;0;0;0;0;0;0;0;0;0;0;0;0;0;0;0;0;0;0;0;0;0;0;2019-10-04
2019-10-11;12.84;34.28;0;0;0;0;0;0;0;0;0;0;0;0;0;0;0;0;0;0;0;0;0;0;0;0;0;0;0;0;0;0;0;2019-10-11
2019-10-18;47.12;0;0;0;0;0;0;15.71;0;0;0;0;0;0;0;0;0;0;0;0;0;0;0;0;0;0;0;0;0;0;0;0;0;2019-10-18
2019-10-25;14.29;0;36.71;0;0;0;0;29.21;0;0;0;0;0;0;0;0;0;0;0;0;0;0;0;0;0;0;0;0;0;0;0;0;0;2019-10-25
2019-11-01;17.14;0;0;0;0;0;0;29.08;0;0;0;0;0;0;0;0;0;0;0;0;0;0;0;0;0;0;0;0;0;0;0;0;0;2019-11-01
2019-11-08;0;0;33.57;0;0;0;0;0;0;0;0;0;0;0;0;0;0;0;0;0;0;0;0;0;0;0;0;0;0;0;0;0;0;2019-11-08
2019-11-15;14.73;0;44.28;0;0;0;0;0;0;0;0;0;0;0;0;0;0;0;0;0;0;0;0;0;0;0;0;0;0;0;0;0;0;2019-11-15
2019-11-22;45.21;0;0;0;0;0;0;0;0;0;0;0;0;0;0;0;0;0;0;0;0;1.86;0;0;0;0;0;0;0;0;0;0;0;2019-11-22
2019-11-29;0;0;0;0;0;0;0;44.95;0;0;0;0;0;0;0;0;0;0;0;0;0;0;0;0;0;0;0;0;0;0;0;0;0;2019-11-29
2019-12-06;0;0;0;0;0;0;0;0;0;0;0;0;0;0;0;0;0;0;0;0;46.95;0;0;0;0;0;0;0;0;0;0;0;0;2019-12-06
2019-12-13;0;0;75.08;0;0;0;0;0;0;0;0;0;0;0;0;0;0;0;0;0;0;0;0;0;0;0;0;0;0;0;0;0;0;2019-12-13
2019-12-20;41.11;0;0;0;0;0;0;0;0;0;0;0;0;0;0;0;0;0;0;0;0;0;0;0;0;0;0;0;0;0;0;0;0;2019-12-20
2019-12-27;19.29;0;0;0;0;0;0;0;0;0;0;0;0;0;0;0;0;0;0;0;0;0;0;0;0;0;44.71;0;0;0;0;0;0;2019-12-27
2020-01-03;12.86;0;0;59.21;0;0;0;0;0;0;0;0;0;0;0;0;0;0;0;0;0;0;0;0;0;0;0;0;0;0;0;0;0;2020-01-03
2020-01-10;0;0;23.50;0;0;0;0;0;0;0;0;0;0;0;0;0;0;0;0;0;0;0;0;0;0;0;0;0;0;0;0;0;0;2020-01-10
2020-01-17;9.29;94.82;0;0;0;0;0;0;0;0;0;0;0;0;0;0;0;0;0;0;0;0;0;0;0;0;0;0;0;0;0;0;0;2020-01-17
2020-01-24;31.08;0;0;0;0;0;0;0;0;0;0;0;0;0;0;0;0;0;0;0;0;0;0;0;0;0;0;0;0;0;0;0;0;2020-01-24
2020-01-31;0;0;0;0;0;0;0;0;0;0;0;0;0;0;0;0;0;0;0;0;0;0;0;0;0;0;0;0;0;0;0;0;0;2020-01-31
2020-02-07;0;0;0;0;0;0;0;0;0;0;0;0;0;0;0;0;0;0;0;0;0;0;0;0;0;0;0;0;0;0;0;0;0;2020-02-07
2020-02-14;40.68;0;0;0;0;0;0;0;0;0;0;0;0;0;0;0;0;0;0;0;0;0;0;0;0;0;0;0;0;0;0;0;0;2020-02-14
2020-02-21;0;0;0;0;0;0;0;0;0;0;0;0;0;0;0;0;0;0;0;0;0;0;0;0;0;0;0;0;0;0;0;0;0;2020-02-21
2020-02-28;24.28;0;57.14;0;0;0;0;0;0;0;0;0;0;0;0;0;0;0;0;0;0;0;0;0;0;0;0;0;0;0;0;0;0;2020-02-28
2020-03-06;0;0;14.57;0;52.55;0;0;0;0;0;0;0;0;0;0;0;0;0;0;0;0;0;0;0;0;0;0;0;0;0;0;0;0;2020-03-06
2020-03-13;17.86;0;0;0;0;0;0;0;0;0;0;0;0;0;0;0;0;0;0;0;0;0;0;0;0;0;0;0;0;0;0;0;0;2020-03-13
2020-03-20;12.86;0;0;0;0;0;0;0;0;0;0;0;0;0;0;0;0;0;0;0;0;0;0;0;0;0;0;0;0;0;0;0;0;2020-03-20
2020-03-27;0;0;0;0;0;0;0;0;0;0;0;0;0;0;0;0;0;0;0;0;0;0;0;0;0;0;0;0;0;0;0;0;0;2020-03-27
2020-04-03;45.43;0;20.71;0;0;0;0;0;0;0;0;0;0;0;0;0;0;0;0;0;0;0;0;0;0;0;0;0;0;0;0;0;0;2020-04-03
2020-04-10;0;0;19.29;0;72.96;0;0;0;0;0;0;0;0;0;0;0;0;0;0;0;0;0;0;0;0;0;0;0;0;0;0;0;0;2020-04-10
2020-04-17;0;0;0;0;0;0;0;0;0;0;0;0;0;0;0;0;0;0;0;0;0;0;0;0;0;0;0;0;0;0;0;0;0;2020-04-17
2020-04-24;0;0;0;0;0;0;0;0;0;0;0;0;0;0;0;0;0;0;0;0;0;0;0;0;29.62;0;0;0;0;0;0;0;0;2020-04-24
2020-05-01;0;0;61.79;0;0;0;0;0;0;0;0;0;0;0;15.29;0;0;0;0;0;0;0;0;0;0;0;0;0;0;0;0;0;0;2020-05-01
2020-05-08;0;0;0;0;0;0;0;0;0;0;67.35;0;0;0;0;0;0;0;0;0;0;0;0;0;0;0;0;0;0;0;0;0;0;2020-05-08
2020-05-15;0;0;36.41;0;25.00;0;0;0;0;0;0;0;0;0;0;0;0;0;0;0;0;0;0;0;0;0;0;0;0;0;0;0;0;2020-05-15
2020-05-22;27.14;0;0;0;0;0;0;0;0;0;0;0;0;0;0;0;0;0;0;0;0;0;0;0;42.60;0;0;0;0;0;0;0;0;2020-05-22
2020-05-29;29.93;0;0;0;0;0;0;0;0;0;0;0;0;0;0;0;0;0;0;0;0;0;0;0;0;0;0;0;0;0;0;0;0;2020-05-29
2020-06-05;0;0;0;0;0;0;0;0;0;0;0;0;0;0;0;0;0;0;0;0;0;0;0;0;0;0;0;0;0;0;0;0;0;2020-06-05
2020-06-12;0;0;0;0;0;0;0;0;0;0;5.67;0;0;0;0;0;0;0;0;0;0;0;0;0;0;0;0;0;0;0;0;0;0;2020-06-12
2020-06-19;11.43;32.78;0;0;70.22;0;0;0;0;0;68.88;0;0;0;0;0;0;0;0;0;0;0;0;0;0;0;0;0;0;0;0;0;0;2020-06-19
2020-06-26;6.43;0;72.70;21.43;0;0;0;0;0;0;0;0;0;0;0;0;0;0;0;0;0;0;0;0;0;0;0;0;0;0;0;0;0;2020-06-26
2020-07-03;0;57.43;0;24.97;0;0;0;0;14.29;0;0;0;0;0;0;0;0;0;0;0;0;0;0;0;0;0;0;0;0;0;0;0;0;2020-07-03
2020-07-10;0;67.39;0;0;0;0;0;0;0;0;0;0;0;0;0;0;0;0;0;0;0;0;0;0;0;0;0;0;0;0;0;0;0;2020-07-10
2020-07-17;17.86;0;0;0;0;0;0;0;0;0;0;0;0;0;0;0;0;0;0;0;0;0;0;0;0;0;0;0;0;0;0;0;0;2020-07-17
2020-07-24;6.43;0;0;0;0;0;0;0;0;0;0;0;0;0;0;0;0;0;0;0;0;0;0;0;0;0;0;0;0;0;0;0;0;2020-07-24
2020-07-31;12.36;0;0;71.87;0;0;0;0;0;0;0;0;0;0;0;0;0;0;0;0;0;0;0;0;0;0;0;0;0;0;0;0;0;2020-07-31
2020-08-07;0;0;0;0;0;0;0;0;43.79;0;0;0;0;0;0;0;0;0;0;0;0;0;0;0;0;0;0;0;0;0;0;0;0;2020-08-07
2020-08-14;6.43;71.47;0;0;0;0;0;0;0;0;0;0;0;0;0;0;0;0;0;0;0;0;0;0;0;0;0;0;0;0;0;0;0;2020-08-14
2020-08-21;0;0;0;0;0;0;0;0;0;0;0;0;0;0;0;0;0;0;0;0;0;0;0;0;0;0;0;0;0;0;0;0;0;2020-08-21
2020-08-28;0;71.57;83.32;0;0;0;0;0;0;0;0;0;0;0;0;0;0;0;0;0;0;0;0;0;0;0;0;0;0;0;0;0;0;2020-08-28
2020-09-04;19.29;0;0;0;0;0;0;0;0;0;0;0;0;0;0;0;0;0;0;0;0;42.53;0;0;0;0;0;0;0;0;0;0;0;2020-09-04
2020-09-11;0;0;0;18.03;0;0;0;0;11.43;0;23.92;0;0;0;0;0;0;0;0;0;0;0;0;0;0;0;0;0;0;0;0;0;0;2020-09-11
2020-09-18;12.86;0;80.18;0;0;0;0;0;31.93;0;0;0;0;0;17.76;0;0;0;0;0;0;0;0;0;0;0;0;0;0;0;0;0;0;2020-09-18
2020-09-25;0;0;68.77;0;0;0;0;0;0;0;0;0;0;0;0;0;0;0;0;0;0;0;0;0;0;0;0;0;0;0;0;0;0;2020-09-25
2020-10-02;6.43;0;0;0;0;0;0;0;0;0;0;0;33.70;0;0;0;0;0;0;0;0;0;0;0;0;0;0;0;0;0;0;0;0;2020-10-02
2020-10-09;11.29;0;0;0;0;19.92;0;0;0;32.46;0;42.11;0;0;0;0;0;0;0;0;0;0;0;0;0;0;0;0;0;0;0;0;0;2020-10-09
2020-10-16;11.00;0;0;52.43;0;0;0;0;29.68;0;0;0;36.43;0;18.53;0;0;0;0;0;0;0;0;0;0;0;0;0;0;0;0;0;0;2020-10-16
2020-10-23;12.29;0;37.06;0;0;0;0;0;0;0;0;0;7.00;0;0;0;0;0;0;0;0;0;0;0;0;0;0;0;0;0;0;0;0;2020-10-23
2020-10-30;0;0;41.26;0;0;31.27;0;0;0;0;0;0;0;0;0;0;0;0;0;0;0;0;0;0;0;0;0;0;0;0;0;0;0;2020-10-30
2020-11-06;6.43;0;0;47.28;0;0;0;0;0;0;0;0;0;0;0;0;0;0;0;0;0;0;0;0;0;0;15.61;0;0;0;0;0;0;2020-11-06
2020-11-13;0;0;0;0;0;0;0;0;0;0;0;0;0;0;0;0;0;0;0;0;0;0;0;0;0;0;0;0;0;0;0;0;0;2020-11-13
2020-11-20;6.45;0;0;0;0;0;0;0;0;0;0;0;0;58.29;4.13;0;0;0;0;0;0;0;0;0;0;0;0;0;0;0;0;0;0;2020-11-20
2020-11-27;25.71;23.71;7.97;0;0;0;0;0;0;0;0;0;0;0;10.22;0;0;0;0;0;0;0;0;0;0;0;0;0;0;0;0;0;15.55;2020-11-27
2020-12-04;6.10;0;3.35;0;0;0;0;0;0;0;0;0;0;0;0;0;0;0;0;0;0;0;0;0;0;0;0;0;0;0;0;0;0;2020-12-04
2020-12-11;6.76;0;0;0;59.75;0;0;0;0;0;0;0;0;0;0;0;0;0;0;0;0;0;0;0;0;0;0;0;0;0;0;0;0;2020-12-11
2020-12-18;0;0;0;0;0;0;0;0;0;0;0;0;0;0;14.30;0;0;0;0;0;0;0;0;0;0;0;0;0;0;0;0;0;0;2020-12-18
2020-12-25;12.86;0;0;0;0;0;0;0;0;0;0;0;0;0;0;0;0;0;0;0;0;0;0;0;0;0;0;0;0;0;0;0;0;2020-12-25
2021-01-01;5.45;0;0;0;0;0;0;0;25.23;0;0;0;0;0;14.37;0;0;0;0;0;0;36.99;0;0;0;0;0;0;0;0;0;0;0;2021-01-01
2021-01-08;18.29;0;0;0;0;0;0;0;0;0;0;0;0;0;0;0;0;0;0;0;0;0;0;0;0;0;0;0;0;0;0;0;0;2021-01-08
2021-01-15;0;0;0;0;0;41.44;0;0;39.10;0;0;0;0;0;0;0;0;0;0;0;0;0;0;0;0;0;0;0;0;0;0;0;0;2021-01-15
2021-01-22;12.86;0;0;0;0;0;0;0;0;0;46.96;0;0;0;0;0;0;0;0;0;0;0;0;0;0;0;0;0;0;0;0;0;0;2021-01-22
2021-01-29;19.29;0;0;0;0;0;0;0;0;0;0;0;0;0;0;0;0;0;0;0;0;0;0;0;0;0;0;0;0;0;0;0;0;2021-01-29
2021-02-05;3.57;0;0;0;0;0;0;0;0;0;0;0;0;0;13.60;0;0;0;0;0;0;0;0;0;0;0;0;0;0;0;0;0;0;2021-02-05
2021-02-12;9.29;0;0;0;0;0;0;0;0;0;0;0;0;0;0;0;0;0;0;0;0;0;0;0;0;0;0;0;0;0;0;0;0;2021-02-12
2021-02-19;12.86;0;0;0;0;0;0;0;0;0;0;37.92;0;0;0;0;0;0;0;0;0;0;0;0;0;0;0;0;0;0;0;0;0;2021-02-19
2021-02-26;12.86;0;0;0;0;0;0;0;0;0;0;0;0;0;0;0;41.71;0;0;0;0;0;0;0;0;0;0;0;0;0;0;0;0;2021-02-26
2021-03-05;0;0;0;0;0;0;0;0;0;0;0;0;0;0;0;0;0;0;0;0;0;0;0;0;0;0;0;0;0;0;0;0;0;2021-03-05
2021-03-12;13.86;0;15.09;0;0;0;0;0;0;0;0;43.52;0;0;0;0;0;0;0;0;0;0;0;0;0;0;0;0;0;0;0;0;0;2021-03-12
2021-03-19;0;0;27.12;0;21.43;0;0;0;0;0;0;0;0;0;0;0;0;0;0;0;0;0;0;0;0;0;0;0;0;0;0;0;0;2021-03-19
2021-03-26;14.05;0;0;0;0;0;0;0;0;0;0;43.08;0;0;0;0;0;0;0;0;0;0;0;0;0;0;0;0;0;0;0;0;0;2021-03-26
2021-04-02;3.18;0;0;0;0;0;0;0;0;0;0;0;0;0;0;0;0;0;0;35.67;0;0;0;0;0;0;0;0;0;0;0;0;0;2021-04-02
2021-04-09;0;0;0;0;0;0;0;0;0;0;15.80;0;0;0;0;0;0;0;0;0;0;0;0;0;0;0;0;0;0;0;0;0;0;2021-04-09
2021-04-16;0;0;0;0;0;41.48;0;0;0;0;0;0;0;0;0;0;0;0;0;0;0;0;0;0;0;0;0;0;0;0;0;0;0;2021-04-16
2021-04-23;46.98;0;40.26;43.17;0;0;0;0;0;0;0;0;0;0;0;0;0;0;0;0;0;0;0;0;0;0;0;0;0;0;0;0;0;2021-04-23
2021-04-30;8.07;26.86;0;0;0;67.86;0;0;0;0;0;0;0;0;0;0;0;0;0;0;0;0;0;0;0;0;0;0;0;0;0;0;0;2021-04-30
2021-05-07;5.00;0;0;0;0;0;0;0;0;44.11;0;0;0;0;0;0;0;0;0;0;37.93;0;0;0;0;0;0;0;0;0;0;0;0;2021-05-07
2021-05-14;0;77.38;0;0;0;0;0;0;0;0;0;0;0;0;0;0;0;0;0;0;0;0;0;0;0;0;0;0;0;0;0;0;0;2021-05-14
2021-05-21;0;0;0;0;0;0;0;0;0;0;0;0;0;0;0;41.80;41.36;0;0;0;0;0;0;0;0;0;0;0;0;0;0;0;0;2021-05-21
2021-05-28;6.43;0;41.48;0;0;0;0;0;0;0;0;0;0;0;0;29.85;0;0;0;20.73;0;0;0;0;0;0;0;0;0;0;0;0;0;2021-05-28
2021-06-04;0;0;29.29;37.68;39.57;0;0;0;41.26;38.33;0;0;0;0;0;11.65;0;0;0;0;0;0;0;0;0;0;0;0;0;0;0;0;0;2021-06-04
2021-06-11;12.74;0;89.97;48.60;0;46.57;0;44.87;0;0;0;0;0;0;0;0;33.71;0;0;0;0;0;0;0;0;0;0;0;0;0;0;0;0;2021-06-11
2021-06-18;19.29;0;0;0;0;0;0;0;0;0;0;0;0;0;0;0;0;0;0;0;0;0;0;0;0;0;0;0;0;0;0;0;0;2021-06-18
2021-06-25;4.57;45.13;69.77;0;0;0;0;0;0;0;0;0;0;0;0;0;0;0;0;0;0;0;0;0;0;0;0;0;0;0;0;0;0;2021-06-25
2021-07-02;12.86;26.73;0;0;0;20.98;0;0;40.64;0;0;0;0;0;0;0;0;0;0;0;0;0;0;0;0;25.62;0;0;0;0;0;0;0;2021-07-02
2021-07-09;12.86;0;0;0;0;0;0;0;0;0;0;0;0;0;0;0;0;0;0;0;0;0;0;0;0;0;0;0;0;0;0;0;0;2021-07-09
2021-07-16;4.29;27.06;0;0;62.29;0;0;0;0;0;0;0;0;0;0;32.89;0;0;0;0;0;0;0;0;0;0;0;0;0;7.74;0;0;0;2021-07-16
2021-07-23;12.86;43.20;0;0;0;0;0;0;40.65;0;0;0;0;0;0;10.12;0;0;0;0;0;0;0;0;0;0;0;0;0;0;0;0;0;2021-07-23
2021-07-30;19.28;0;0;0;0;0;0;0;0;20.63;0;0;0;0;0;0;0;0;0;0;0;0;0;0;0;0;0;0;0;0;0;0;0;2021-07-30
2021-08-06;14.28;0;0;0;0;0;0;0;0;22.57;0;0;0;0;0;0;0;0;0;0;0;0;0;0;0;0;0;0;0;0;0;0;0;2021-08-06
2021-08-13;5.25;57.71;0;12.38;0;0;0;0;0;0;0;0;0;0;0;0;0;0;0;0;0;0;0;41.10;0;0;0;0;0;0;0;0;0;2021-08-13
2021-08-20;6.43;73.02;0;22.73;0;0;0;0;0;0;0;0;0;20.83;0;0;0;0;0;0;0;0;0;0;0;0;0;0;0;0;0;0;0;2021-08-20
2021-08-27;6.43;0;0;43.60;0;0;0;0;0;0;0;45.74;0;0;0;0;0;0;0;0;0;0;0;0;0;0;0;0;0;0;0;0;0;2021-08-27
2021-09-03;6.43;50.37;0;5.74;0;0;0;0;0;47.47;0;0;0;0;0;0;0;0;0;0;0;0;0;0;0;0;0;0;0;0;0;0;0;2021-09-03
2021-09-10;0;0;0;0;0;0;0;0;0;41.84;0;0;0;0;0;0;0;0;41.87;0;0;0;0;0;0;0;0;0;0;0;0;0;0;2021-09-10
2021-09-17;0;16.89;0;58.14;0;0;0;32.61;0;0;0;0;0;0;0;0;0;0;3.93;0;0;0;0;0;0;0;0;0;0;0;0;0;0;2021-09-17
2021-09-24;6.43;93.00;0;0;0;0;0;0;0;35.51;0;0;0;0;0;0;0;0;0;0;0;0;0;0;0;0;0;0;0;0;0;0;0;2021-09-24
2021-10-01;0;78.81;40.21;0;30.94;0;0;0;0;0;0;0;0;0;0;0;0;0;0;0;0;0;0;0;0;18.06;0;0;0;0;0;0;0;2021-10-01
2021-10-08;6.43;41.47;22.86;7.14;0;0;0;0;43.75;40.59;0;0;0;0;0;0;0;0;0;0;0;0;0;0;0;25.54;0;0;0;0;0;0;0;2021-10-08
2021-10-15;0;0;60.64;0;0;0;0;0;0;0;0;0;43.88;0;0;0;0;0;42.14;0;0;0;0;0;0;0;0;0;0;0;0;0;0;2021-10-15
2021-10-22;0;55.71;0;0;57.14;0;0;0;0;0;0;0;0;0;0;0;0;0;2.52;0;0;0;0;0;0;0;0;0;0;0;0;0;0;2021-10-22
2021-10-29;0;16.11;46.15;0;14.43;0;0;0;0;41.41;0;0;0;0;0;0;0;0;49.34;0;0;0;0;0;0;0;0;0;0;0;0;0;0;2021-10-29
2021-11-05;0;0;0;0;0;0;0;10.71;0;0;0;0;0;0;0;0;0;0;0;0;0;0;0;0;0;0;0;0;0;0;0;0;0;2021-11-05
2021-11-12;6.43;30.71;0;0;0;0;0;13.71;0;0;0;0;0;0;0;0;0;0;0;0;0;0;0;0;0;0;0;0;0;0;0;0;0;2021-11-12
2021-11-19;0;21.11;0;45.71;0;0;0;24.92;0;0;0;0;0;0;0;0;0;0;0;0;0;0;0;0;0;0;7.86;0;0;0;17.86;0;0;2021-11-19
2021-11-26;6.09;20.37;0;0;0;0;0;0;0;0;0;0;0;0;0;0;0;0;0;0;0;0;0;0;0;0;0;0;0;0;0;0;0;2021-11-26
2021-12-03;14.29;0;0;0;0;0;0;0;0;0;0;0;0;0;0;0;0;0;0;0;22.73;0;0;0;0;0;0;0;0;0;0;0;0;2021-12-03
2021-12-10;19.29;52.71;0;0;94.94;0;0;11.80;0;0;0;0;0;0;0;0;0;0;0;0;22.73;0;0;0;0;0;0;0;0;0;0;0;0;2021-12-10
2021-12-17;12.86;42.85;0;0;14.29;0;0;0;0;0;0;0;0;0;0;0;0;0;0;0;0;0;0;0;0;0;0;0;0;0;0;0;0;2021-12-17
2021-12-24;6.43;70.29;0;0;21.34;0;0;0;0;0;0;0;0;0;0;0;0;0;0;0;0;0;0;0;0;0;0;0;0;0;0;0;0;2021-12-24
2021-12-31;12.43;2.86;0;54.14;0;0;0;0;0;0;0;0;0;0;0;0;0;0;0;0;0;0;0;0;0;0;0;0;0;0;0;0;0;2021-12-31
2022-01-07;13.18;0;0;0;0;0;0;0;0;0;0;0;0;0;0;0;0;0;0;0;0;0;0;0;0;0;0;0;0;0;0;0;0;2022-01-07
2022-01-14;0;0;0;0;0;0;0;0;0;0;0;0;0;0;0;0;0;0;0;0;0;0;0;0;0;0;0;0;0;0;0;0;0;2022-01-14
2022-01-21;0;0;0;108.34;46.91;0;0;0;0;0;61.65;0;0;0;0;0;0;0;0;0;0;0;0;0;0;0;0;0;0;0;0;0;0;2022-01-21
2022-01-28;4.53;0;0;14.13;0;0;0;0;0;0;15.00;0;0;0;0;0;0;0;0;0;0;0;0;0;0;0;0;0;0;0;0;0;0;2022-01-28
2022-02-04;0;30.43;0;0;0;0;0;0;0;0;0;0;0;0;0;0;0;0;0;0;0;0;0;0;0;0;0;0;0;0;0;0;0;2022-02-04
2022-02-11;6.43;0;0;0;0;0;0;0;0;0;0;0;0;0;0;0;0;0;0;0;0;0;0;0;0;0;0;0;0;0;0;0;0;2022-02-11
2022-02-18;0;0;0;0;0;39.00;0;0;0;0;0;0;0;0;0;0;0;0;0;0;0;0;0;0;0;0;0;0;0;0;0;0;0;2022-02-18
2022-02-25;0;0;41.43;38.53;0;0;0;0;0;0;0;0;0;0;0;0;0;0;0;0;0;0;0;0;0;0;0;0;0;0;0;0;0;2022-02-25
2022-03-04;6.43;0;82.36;0;71.77;0;0;0;0;0;0;0;0;0;0;0;0;0;0;0;0;0;0;0;0;0;0;0;0;0;0;0;0;2022-03-04
2022-03-11;0;0;0;0;0;0;0;7.14;0;0;0;0;0;0;0;0;0;0;0;0;0;0;0;0;0;0;0;0;0;0;0;0;0;2022-03-11
2022-03-18;18.95;0;0;43.96;0;0;0;35.21;0;0;0;0;0;0;0;0;0;0;0;0;0;0;0;0;0;0;0;0;0;0;0;0;0;2022-03-18
2022-03-25;10.00;0;18.07;0;0;0;0;0;0;0;0;0;0;0;0;0;0;0;0;0;0;0;0;0;0;0;0;0;0;0;0;0;0;2022-03-25
2022-04-01;12.86;0;0;0;0;0;0;0;0;0;0;0;0;0;0;0;0;0;0;0;0;0;0;0;0;0;0;0;0;0;0;0;0;2022-04-01
2022-04-08;12.57;0;0;0;0;0;0;0;0;0;0;0;0;0;0;0;0;0;0;0;0;0;0;0;0;0;0;0;0;0;0;0;0;2022-04-08
2022-04-15;10.29;11.43;0;0;0;0;0;0;0;0;0;0;0;0;0;0;0;0;0;0;0;0;0;0;0;0;0;0;0;0;0;0;0;2022-04-15
2022-04-22;0;53.57;0;0;0;0;0;0;0;20.78;0;0;0;0;0;0;0;0;0;0;0;0;21.61;0;0;0;0;0;0;0;0;17.13;0;2022-04-22
2022-04-29;12.86;57.80;0;0;0;0;0;0;0;28.56;0;0;0;0;0;0;0;0;0;0;0;0;0;0;0;0;0;0;0;0;0;0;0;2022-04-29
2022-05-06;25.14;0;0;0;0;0;0;0;0;0;0;0;0;0;0;0;0;0;0;0;0;0;0;0;0;0;0;0;0;0;0;0;0;2022-05-06
2022-05-13;12.86;0;0;0;0;0;0;0;0;0;0;0;0;0;0;0;0;0;0;0;0;0;0;0;0;0;0;0;0;0;0;0;0;2022-05-13
2022-05-20;13.18;0;0;0;0;0;0;0;0;0;0;0;0;0;0;0;0;0;0;0;0;0;0;0;0;0;0;0;0;0;0;0;0;2022-05-20
2022-05-27;11.00;44.29;0;28.61;0;0;0;0;0;0;0;0;0;0;0;0;0;0;0;0;0;0;0;0;0;0;0;0;0;0;0;0;0;2022-05-27
2022-06-03;12.86;0;0;0;0;0;0;0;0;0;0;0;0;0;0;0;0;0;0;0;0;0;0;0;0;0;0;0;0;0;0;0;0;2022-06-03
2022-06-10;6.43;0;0;0;0;0;0;0;0;0;0;0;0;0;0;0;0;0;0;0;0;0;0;0;0;0;0;0;0;0;0;0;0;2022-06-10
2022-06-17;7.88;0;0;42.32;0;0;0;0;0;0;0;0;0;0;0;0;0;0;0;0;0;0;0;0;0;0;0;0;0;0;0;0;0;2022-06-17
2022-06-24;1.79;0;0;0;0;0;0;0;0;0;0;0;0;0;0;0;0;0;0;0;0;0;0;0;0;0;0;0;0;0;0;0;0;2022-06-24
2022-07-01;6.43;0;0;0;0;0;0;0;0;0;0;0;0;0;0;0;0;0;0;0;0;0;0;0;0;0;0;0;0;0;0;0;0;2022-07-01
2022-07-08;18.95;23.71;44.60;0;0;0;0;0;0;0;0;0;0;0;0;0;0;0;0;0;0;0;0;0;0;0;0;0;0;0;0;0;0;2022-07-08
2022-07-15;12.86;0;0;0;0;0;0;0;0;0;0;0;0;0;0;0;0;0;0;0;0;0;0;0;0;0;0;0;0;0;0;0;0;2022-07-15
2022-07-22;19.29;0;0;0;0;0;0;0;0;0;0;0;0;0;0;0;0;0;0;0;0;0;0;0;0;0;0;0;0;0;0;0;0;2022-07-22
2022-07-29;2.14;0;0;0;0;0;0;0;0;0;0;0;0;0;0;0;0;0;0;0;0;0;0;0;0;0;0;0;0;0;0;0;0;2022-07-29
2022-08-05;0;0;0;0;0;0;0;0;0;0;0;0;0;0;0;0;0;0;0;0;0;0;0;0;0;0;0;0;0;0;0;0;0;2022-08-05
2022-08-12;12.86;0;0;0;0;0;0;0;0;0;0;0;0;0;0;0;0;0;0;0;0;0;0;0;0;0;0;0;0;0;0;0;0;2022-08-12
2022-08-19;6.43;0;0;0;0;0;0;0;0;0;0;0;0;0;0;0;0;0;0;0;0;0;0;0;0;0;0;0;0;0;0;0;0;2022-08-19
2022-08-26;0;36.45;0;0;0;0;0;0;0;0;0;0;0;0;0;0;0;0;0;0;0;0;0;0;0;0;0;0;0;0;0;0;0;2022-08-26
2022-09-02;19.29;43.10;0;0;0;0;0;0;0;0;0;0;0;0;0;0;0;0;0;0;0;0;0;0;0;0;0;0;0;0;0;0;0;2022-09-02
2022-09-09;0;0;0;0;0;0;0;0;0;0;0;0;0;0;0;0;0;0;0;0;0;0;0;0;0;0;0;0;0;0;0;0;0;2022-09-09
2022-09-16;6.43;34.24;0;0;0;0;0;0;0;0;0;0;0;0;0;0;0;0;0;0;0;0;0;0;0;0;0;0;0;0;0;0;0;2022-09-16
2022-09-23;7.86;0;0;0;0;0;0;0;0;0;0;0;0;0;0;0;0;0;0;0;0;0;0;0;0;0;0;0;0;0;0;0;0;2022-09-23
2022-09-30;6.43;0;0;0;0;0;0;0;0;0;0;0;0;0;0;0;0;0;0;0;0;0;0;0;0;0;0;0;0;0;0;0;0;2022-09-30
2022-10-07;16.12;0;0;35.14;0;0;0;0;0;0;0;0;0;30.03;0;0;0;0;0;0;0;0;0;0;0;0;0;0;0;0;0;0;0;2022-10-07
2022-10-14;12.86;0;34.95;0;0;0;0;0;0;0;0;0;0;0;0;0;0;0;0;0;0;0;0;0;0;0;0;0;0;0;0;0;0;2022-10-14
2022-10-21;10.00;29.29;0;72.17;0;0;0;0;0;0;0;0;0;0;0;0;0;0;0;0;0;0;0;0;0;0;0;0;0;0;0;0;0;2022-10-21
2022-10-28;0;21.66;0;71.87;0;0;0;0;0;0;0;0;0;0;0;0;0;0;0;0;0;0;0;0;0;0;0;0;0;0;0;0;0;2022-10-28
2022-11-04;0;0;0;0;0;0;0;0;0;0;0;41.42;42.97;0;0;0;0;0;0;0;0;0;0;0;0;0;0;0;0;0;0;0;0;2022-11-04
2022-11-11;0;0;91.30;46.15;0;0;0;0;0;0;0;0;46.91;0;0;0;0;0;0;0;0;0;0;0;0;0;0;0;0;0;0;0;0;2022-11-11
2022-11-18;4.57;0;0;43.57;0;0;0;37.22;0;0;0;0;0;0;0;0;0;0;0;0;0;0;0;0;0;0;0;0;0;0;0;0;0;2022-11-18
2022-11-25;6.43;0;0;0;0;0;0;0;0;0;0;0;0;0;0;0;0;0;0;0;0;0;0;0;0;0;0;0;0;0;0;0;0;2022-11-25
2022-12-02;12.74;0;42.97;0;0;0;0;0;0;0;0;0;0;0;0;0;0;0;0;0;0;0;0;0;0;0;0;0;0;0;0;0;0;2022-12-02
2022-12-09;4.57;0;0;14.29;36.43;0;0;0;0;0;0;0;0;0;0;0;0;0;0;0;0;0;0;0;0;0;0;0;0;0;0;0;0;2022-12-09
2022-12-16;7.15;34.71;0;92.58;0;0;0;0;0;0;0;0;0;0;0;0;0;0;0;0;0;0;0;0;0;0;0;0;0;0;0;0;0;2022-12-16
2022-12-23;10.57;0;44.93;0;0;0;0;0;0;0;0;0;0;0;0;0;0;0;0;0;0;0;0;0;0;0;0;0;0;0;0;0;0;2022-12-23
2022-12-30;0;35.91;0;0;0;0;0;0;0;0;0;0;0;0;0;0;0;0;0;0;0;0;0;0;0;0;0;0;0;0;0;0;0;2022-12-30
2023-01-06;11.43;0;0;0;0;28.14;0;0;0;0;0;0;0;0;0;0;0;0;0;0;0;0;0;0;0;0;0;0;0;0;0;0;0;2023-01-06
2023-01-13;5.43;0;0;38.27;0;0;0;0;0;0;0;0;0;0;0;0;0;0;0;0;0;0;0;0;0;0;0;0;0;0;0;0;0;2023-01-13
2023-01-20;6.43;0;0;7.59;0;0;0;0;0;0;0;0;0;0;0;0;0;0;0;0;0;0;0;0;0;0;0;0;0;0;0;0;0;2023-01-20
2023-01-27;6.43;0;0;37.94;0;0;0;0;0;0;0;0;0;0;0;0;0;0;0;0;0;0;0;0;0;0;0;0;0;0;0;0;0;2023-01-27
2023-02-03;0;86.86;0;0;42.57;0;0;0;0;0;0;0;0;0;0;0;0;0;0;0;0;0;0;0;0;0;0;35.59;0;0;0;0;0;2023-02-03
2023-02-10;0;38.20;0;20.92;0;0;0;0;0;0;0;0;0;0;0;44.20;0;0;0;0;0;0;0;0;0;0;0;0;0;0;0;0;0;2023-02-10
2023-02-17;12.14;42.14;0;129.01;0;0;0;0;0;0;0;0;0.90;0;0;0;0;0;0;0;0;0;0;0;0;0;0;0;0;0;0;0;0;2023-02-17
2023-02-24;6.43;0;44.69;0;0;0;0;0;0;0;0;0;0;0;0;0;0;0;0;0;0;0;0;0;0;0;0;0;0;0;0;0;0;2023-02-24
2023-03-03;0;0;0;45.46;0;0;0;0;0;0;0;0;0;0;0;0;0;0;0;0;0;0;0;0;0;0;0;0;0;0;0;0;0;2023-03-03
2023-03-10;6.43;0;0;0;0;0;0;0;29.91;0;0;0;0;0;0;0;0;0;0;0;0;0;0;0;0;0;0;0;0;0;0;0;0;2023-03-10
2023-03-17;0;38.31;0;50.00;0;0;0;0;0;0;0;0;0;0;0;0;0;0;0;0;0;0;0;0;0;0;0;0;0;0;0;0;0;2023-03-17
2023-03-24;17.43;34.35;0;0;0;0;0;0;0;0;0;0;0;0;0;0;0;0;0;0;0;0;0;0;0;0;0;0;0;0;0;0;0;2023-03-24
2023-03-31;0;24.10;0;0;33.82;0;0;0;0;0;0;0;0;0;0;0;0;0;0;0;0;0;0;0;0;0;0;0;0;0;0;0;0;2023-03-31
2023-04-07;25.35;0;30.78;0;0;0;0;0;16.70;0;0;0;0;0;0;0;0;0;0;0;0;0;0;0;0;0;0;0;0;0;0;0;0;2023-04-07
2023-04-14;0;0;45.00;10.71;62.86;0;0;37.21;16.71;0;0;0;0;0;0;0;0;0;0;0;0;0;0;0;0;0;0;0;0;0;0;0;0;2023-04-14
2023-04-21;17.43;0;0;72.11;0;0;0;0;0;0;0;0;0;0;0;0;0;0;0;0;0;0;0;0;0;0;0;0;0;0;0;0;0;2023-04-21
2023-04-28;10.00;0;0;0;45.00;0;0;42.27;0;0;0;0;0;0;0;0;0;0;0;0;0;0;0;0;0;0;0;0;0;0;0;0;0;2023-04-28
2023-05-05;16.86;0;0;0;0;0;0;0;0;0;0;0;0;0;0;0;0;0;0;0;0;0;0;0;0;0;0;0;0;0;0;0;0;2023-05-05
2023-05-12;19.23;18.57;44.86;0;0;82.35;0;0;0;0;0;0;0;0;0;0;0;0;0;0;0;0;0;0;0;0;0;0;0;0;0;0;0;2023-05-12
2023-05-19;25.71;53.65;0;0;0;0;0;0;0;0;0;0;0;0;0;0;0;0;0;0;0;0;0;0;0;0;0;0;0;0;0;0;0;2023-05-19
2023-05-26;7.86;0;0;68.62;0;0;0;0;0;0;0;0;0;0;0;0;0;0;0;0;0;0;0;0;0;0;0;0;0;0;0;0;0;2023-05-26
2023-06-02;6.43;0;0;0;0;0;0;0;0;0;0;0;0;0;0;0;0;0;0;0;0;0;0;0;0;0;0;0;0;0;0;0;0;2023-06-02
2023-06-09;0;0;0;0;0;0;0;0;0;0;0;0;0;0;0;0;0;0;0;0;0;0;0;0;0;0;0;0;0;0;0;0;0;2023-06-09
2023-06-16;0;0;0;0;0;0;0;0;0;0;0;0;0;0;0;0;0;0;0;0;0;0;0;0;0;0;0;0;0;0;0;0;0;2023-06-16
2023-06-23;6.43;0;0;42.17;0;0;0;0;0;0;0;0;0;0;0;0;0;0;0;0;0;0;0;0;0;0;0;0;0;0;0;0;0;2023-06-23
2023-06-30;11.00;0;0;91.88;0;0;0;0;0;0;0;0;0;0;0;0;0;0;0;0;0;0;0;0;0;0;0;0;0;0;0;0;0;2023-06-30
2023-07-07;21.72;0;0;0;48.00;0;0;0;0;0;0;0;0;0;0;0;0;0;0;0;0;0;0;0;0;0;0;0;0;0;0;0;0;2023-07-07
2023-07-14;12.75;0;0;0;28.57;0;0;0;0;0;0;0;0;0;0;0;0;0;0;0;0;0;0;0;0;0;0;0;0;0;0;0;0;2023-07-14
2023-07-21;42.91;0;0;0;0;0;0;0;0;0;0;0;0;0;0;0;0;0;0;0;0;0;0;0;0;0;0;0;0;0;0;0;0;2023-07-21
2023-07-28;12.86;0;0;0;0;0;0;0;0;0;0;0;0;0;0;0;0;0;0;0;0;0;0;0;0;0;0;0;0;0;0;0;0;2023-07-28
2023-08-04;12.86;0;0;71.82;0;0;0;0;0;0;0;0;0;0;0;0;0;0;0;0;0;0;0;0;0;0;0;0;0;0;0;0;0;2023-08-04
2023-08-11;11.57;0;0;0;0;0;0;0;0;0;0;0;0;0;0;0;0;0;0;0;0;0;0;0;0;0;0;0;0;0;0;0;0;2023-08-11
2023-08-18;6.43;0;0;0;0;0;0;0;0;0;0;0;0;0;0;8.38;0;0;0;0;0;0;0;0;0;0;0;0;0;0;0;0;0;2023-08-18
2023-08-25;12.86;0;0;0;0;0;0;0;0;0;0;0;0;0;0;0;0;0;0;0;0;0;0;0;0;0;0;0;0;0;0;0;0;2023-08-25
2023-09-01;12.86;0;17.79;0;0;0;0;0;0;0;0;0;0;0;0;0;0;0;0;0;0;0;0;0;0;0;0;22.88;0;0;0;0;0;2023-09-01
2023-09-08;0;0;28.00;0;0;0;0;0;0;0;0;0;0;0;0;0;0;0;0;0;0;0;0;0;0;0;0;0;0;0;0;0;0;2023-09-08
2023-09-15;11.86;28.57;0;43.29;0;0;0;0;0;0;0;0;0;0;0;0;0;0;0;0;0;0;0;0;0;0;0;0;0;0;0;0;0;2023-09-15
2023-09-22;0;61.99;0;0;0;0;0;0;0;0;0;35.71;0;0;14.06;0;0;0;0;0;0;0;0;0;0;0;0;0;0;0;0;0;0;2023-09-22
2023-09-29;6.00;51.70;0;66.65;0;0;0;0;0;0;0;0;0;0;0;0;0;0;0;0;0;0;0;0;0;0;0;0;0;0;0;0;0;2023-09-29
2023-10-06;6.43;0;0;39.52;0;0;0;0;0;0;0;0;0;0;0;0;0;0;0;0;0;0;0;0;0;0;0;0;0;0;0;0;0;2023-10-06
2023-10-13;0;0;0;0;0;40.29;0;0;0;0;0;0;0;0;0;0;0;0;0;0;0;0;0;0;0;0;0;0;0;0;0;0;0;2023-10-13
2023-10-20;0;0;0;0;0;0;0;0;0;0;0;0;0;0;0;0;0;0;0;0;0;0;0;0;0;0;0;0;0;0;0;0;0;2023-10-20
2023-10-27;0;0;0;0;0;0;0;0;0;0;0;0;0;0;0;0;0;0;0;0;0;0;0;0;0;0;0;0;0;0;0;0;0;2023-10-27
2023-11-03;0;0;0;0;0;0;0;0;0;0;0;0;0;0;0;0;0;0;0;0;0;0;0;0;0;0;0;0;0;0;0;0;0;2023-11-03
2023-11-10;0;0;0;0;0;15.55;0;0;0;0;0;0;0;0;0;0;0;0;0;0;0;0;0;0;0;0;0;0;0;0;0;0;0;2023-11-10
2023-11-17;12.86;0;0;16.37;0;0;0;0;0;0;0;0;0;0;0;0;0;0;0;0;0;0;0;0;0;0;0;0;0;0;0;0;0;2023-11-17
2023-11-24;12.86;0;0;32.74;0;0;0;0;0;0;0;0;0;0;0;0;0;0;0;0;0;0;0;0;0;0;0;0;0;0;0;0;0;2023-11-24
2023-12-01;19.29;0;0;71.89;0;0;0;0;0;0;0;0;0;0;0;0;0;0;0;0;0;0;0;0;0;0;0;0;0;0;0;0;0;2023-12-01
2023-12-08;0;0;0;40.87;0;0;0;0;0;0;0;0;0;0;0;0;0;0;0;0;0;0;0;0;0;0;0;0;0;0;0;0;0;2023-12-08
2023-12-15;12.86;22.86;0;0;0;0;0;0;0;0;0;0;0;0;0;0;0;0;0;0;0;0;0;0;0;0;0;0;0;0;0;0;0;2023-12-15
2023-12-22;6.43;49.22;0;46.57;0;0;0;0;0;0;0;0;0;0;0;0;0;0;0;0;0;0;0;0;0;0;0;0;0;0;0;0;0;2023-12-22
2023-12-29;19.29;0;0;0;68.70;0;0;0;0;0;0;0;0;0;0;0;0;0;0;0;0;0;0;0;0;0;0;0;0;0;0;0;0;2023-12-29
2024-01-05;0;72.35;0;0;44.96;0;0;0;0;0;0;0;0;0;0;0;0;0;0;0;0;0;0;0;0;0;0;0;0;0;0;0;0;2024-01-05
2024-01-12;8.57;0;0;0;0;0;0;0;0;0;0;0;0;0;0;0;0;0;0;0;0;0;0;0;0;0;0;0;0;0;0;0;0;2024-01-12
2024-01-19;12.55;0;0;0;0;0;0;0;0;0;0;0;0;0;0;0;0;0;0;0;0;0;0;0;0;0;0;0;0;0;0;0;0;2024-01-19
2024-01-26;12.14;0;0;0;0;0;0;0;0;0;0;0;0;0;0;0;0;0;0;0;0;0;0;0;0;0;0;0;0;0;0;0;0;2024-01-26
2024-02-02;0;0;26.43;18.34;69.15;0;0;0;0;0;0;0;0;0;0;0;0;0;0;0;0;0;0;0;0;0;0;0;0;0;0;0;0;2024-02-02
2024-02-09;0;0;0;49.43;0;0;0;0;0;0;0;0;0;0;0;0;0;0;0;0;0;0;0;0;0;0;0;0;0;0;0;0;0;2024-02-09
2024-02-16;16.00;0;0;0;0;0;0;0;0;0;0;0;0;0;0;0;0;0;0;0;0;0;0;0;0;0;0;0;0;0;0;0;0;2024-02-16
2024-02-23;0;0;0;0;0;0;0;0;0;0;0;0;0;0;0;0;0;0;0;0;0;0;0;0;0;0;0;0;0;0;0;0;0;2024-02-23
2024-03-01;11.43;0;0;0;0;0;0;0;0;0;0;0;0;0;0;0;0;0;0;0;0;0;0;0;0;0;0;0;0;0;0;0;0;2024-03-01
2024-03-08;7.86;79.48;0;0;0;0;0;0;0;0;0;0;0;0;0;0;0;0;0;0;0;0;0;0;0;0;0;0;0;0;0;0;0;2024-03-08
2024-03-15;6.43;60.15;0;0;0;0;0;0;0;0;0;0;0;0;0;0;0;0;0;0;0;0;0;0;0;0;0;0;0;0;0;0;0;2024-03-15
2024-03-22;22.86;0;0;0;0;0;0;0;0;0;0;0;0;0;0;0;0;0;0;0;0;0;0;0;0;0;0;0;0;0;0;0;0;2024-03-22
2024-03-29;6.43;0;0;0;0;0;0;0;0;0;0;0;0;0;0;0;0;0;0;0;0;0;0;0;0;0;0;0;0;0;0;0;0;2024-03-29
2024-04-05;16.43;0;34.65;0;0;0;0;0;0;0;0;0;0;0;0;0;0;0;0;0;0;0;0;0;0;0;0;0;0;0;0;0;0;2024-04-05
2024-04-12;8.86;0;0;0;0;0;0;0;0;0;0;0;0;0;0;0;0;0;0;0;0;0;0;0;0;0;0;0;0;0;0;0;0;2024-04-12
2024-04-19;0;0;0;0;0;0;0;0;0;0;0;0;0;0;0;0;0;0;0;0;0;0;0;0;0;0;0;0;0;0;0;0;0;2024-04-19
2024-04-26;0;0;0;0;0;22.19;0;0;0;0;0;0;0;0;0;0;0;0;0;0;0;0;0;0;0;0;0;0;0;0;0;0;0;2024-04-26
2024-05-03;4.57;75.58;44.96;0;0;0;0;0;0;0;0;0;0;0;0;0;0;0;0;0;0;46.14;0;0;0;0;0;0;0;0;0;0;0;2024-05-03
2024-05-10;6.43;74.31;0;0;0;0;0;0;0;0;0;0;0;0;0;0;0;0;0;0;0;0;0;0;0;0;0;0;0;0;0;0;0;2024-05-10
2024-05-17;0;31.03;0;44.45;0;0;0;0;0;0;0;0;0;0;0;0;0;0;0;0;0;0;0;0;0;0;0;0;0;0;0;0;0;2024-05-17
2024-05-24;17.86;0;0;24.00;0;0;0;0;0;0;0;0;0;0;0;0;0;0;0;0;0;0;0;0;0;0;0;0;0;0;0;0;0;2024-05-24
2024-05-31;10.50;0;0;0;0;0;0;0;0;0;0;0;0;0;0;0;0;0;0;0;0;0;0;0;0;0;0;0;0;0;0;0;0;2024-05-31
2024-06-07;16.86;0;0;0;0;0;0;0;0;0;0;0;0;0;0;0;0;0;0;0;0;0;0;0;0;0;0;0;0;0;0;0;0;2024-06-07
2024-06-14;0;0;0;0;0;0;0;0;0;0;0;0;0;0;0;0;0;0;0;0;0;0;0;0;0;0;0;0;0;0;0;0;0;2024-06-14
2024-06-21;0;0;0;73.43;0;0;0;0;0;0;0;0;0;0;0;0;0;0;0;0;0;0;0;41.71;0;0;0;0;0;0;0;0;0;2024-06-21
2024-06-28;0;0;0;0;0;0;0;0;0;0;0;0;0;0;0;0;49.09;0;0;0;0;0;0;0;0;0;0;0;0;0;0;0;0;2024-06-28
2024-07-05;0;0;43.43;0;0;0;0;0;0;0;0;0;0;0;0;0;0;0;0;0;0;0;0;0;0;0;0;0;0;0;0;0;0;2024-07-05
2024-07-12;0;0;12.13;0;0;0;0;0;0;0;0;0;0;0;0;0;0;0;0;0;0;0;0;0;0;0;0;0;0;0;0;0;0;2024-07-12
2024-07-19;18.79;0;0;0;0;0;0;0;0;0;0;0;0;0;0;0;0;0;0;0;0;0;0;0;0;0;0;0;0;0;0;0;0;2024-07-19
2024-07-26;11.43;0;57.68;0;0;0;0;0;0;0;0;0;0;0;0;0;0;0;0;0;0;0;0;0;0;0;0;0;0;0;0;0;0;2024-07-26
2024-08-02;0;0;0;0;0;0;0;0;0;0;0;0;0;0;0;0;0;0;0;0;0;0;0;0;0;0;0;0;0;0;0;0;0;2024-08-02
2024-08-09;20.71;0;35.71;0;0;0;0;0;0;0;0;0;0;0;0;0;0;0;0;0;0;0;0;0;0;0;0;0;0;0;0;0;0;2024-08-09
2024-08-16;12.86;0;41.42;0;0;0;0;0;0;0;0;0;0;0;0;0;0;0;0;0;0;0;0;0;0;0;0;0;0;0;0;0;0;2024-08-16
2024-08-23;0;0;0;0;0;0;0;0;0;0;0;0;0;0;0;0;0;0;0;0;0;0;0;0;0;0;0;0;0;0;0;0;0;2024-08-23
2024-08-30;17.43;0;0;0;0;0;0;0;0;0;0;0;0;0;0;0;0;0;0;0;0;0;0;0;0;0;0;0;0;0;0;0;0;2024-08-30
2024-09-06;12.13;0;0;0;0;0;0;0;0;0;0;0;0;0;0;0;0;0;0;0;0;0;0;0;0;0;0;0;0;0;0;0;0;2024-09-06
2024-09-13;5.43;0;0;0;0;0;0;0;0;0;0;0;0;0;0;0;0;0;0;0;0;0;0;0;0;0;0;0;0;0;0;0;0;2024-09-13
2024-09-20;0;0;0;0;0;0;0;0;0;0;0;0;0;0;0;0;0;0;0;0;0;0;0;0;0;0;0;0;0;0;0;0;0;2024-09-20
2024-09-27;0;0;0;0;0;0;0;0;0;0;0;0;0;0;0;0;0;0;0;0;0;0;0;0;0;0;0;0;0;0;0;0;0;2024-09-27
2024-10-04;0;0;0;0;0;0;0;0;0;0;0;0;0;0;0;0;0;0;0;0;0;0;0;0;0;0;0;0;0;0;0;0;0;2024-10-04
2024-10-11;0;0;0;0;0;0;0;0;0;0;0;0;0;0;0;0;0;0;0;0;0;0;0;0;0;0;0;0;0;0;0;0;0;2024-10-11
2024-10-18;0;0;0;0;0;0;0;0;0;0;0;0;0;0;0;0;0;0;0;0;0;0;0;0;0;0;0;0;0;0;0;0;0;2024-10-18
2024-10-25;6.43;0;0;0;0;0;0;0;0;0;0;0;0;0;0;0;0;0;0;0;0;0;0;0;0;0;0;0;0;0;0;0;0;2024-10-25
2024-11-01;0;0;0;0;0;0;0;0;0;0;0;0;0;0;0;0;0;0;0;0;0;0;0;0;0;0;0;0;0;0;0;0;0;2024-11-01
2024-11-08;0;0;0;0;0;0;0;0;0;0;0;0;0;0;0;0;0;0;0;0;0;0;0;0;0;0;0;0;0;0;0;0;0;2024-11-08
2024-11-15;18.57;0;0;0;0;0;45.86;0;0;0;0;0;0;0;0;0;0;0;0;0;0;0;0;0;0;0;0;0;0;0;0;0;0;2024-11-15
2024-11-22;0;0;0;0;0;0;0;0;0;0;0;0;0;0;0;0;0;0;0;0;0;0;0;0;0;0;0;0;0;0;0;0;0;2024-11-22
2024-11-29;12.86;0;0;0;0;0;0;0;0;0;0;0;0;21.43;0;0;0;0;0;0;0;0;0;0;0;0;0;0;0;0;0;0;0;2024-11-29
2024-12-06;12.92;0;0;0;0;0;0;0;0;0;0;0;0;22.71;0;0;0;0;0;0;0;0;0;0;0;0;0;0;0;0;0;0;0;2024-12-06
2024-12-13;0;0;0;0;0;0;0;0;0;0;0;0;0;0;0;0;0;0;0;0;0;0;0;0;0;0;0;0;0;0;0;0;0;2024-12-13
2024-12-20;21.43;0;0;0;0;0;0;0;0;0;0;0;0;0;0;0;0;0;0;0;0;0;0;1.13;0;0;0;0;0;0;0;0;0;2024-12-20
2024-12-27;0;0;0;0;0;0;0;0;0;0;0;0;0;0;0;0;0;0;0;0;0;0;0;0;0;0;0;0;0;0;0;0;0;2024-12-27
2025-01-03;20.00;0;0;0;0;0;0;0;0;0;0;0;0;0;0;0;0;0;0;0;0;0;0;0;0;0;0;0;1.69;0;0;0;0;2025-01-03
2025-01-10;0;0;0;0;0;0;0;0;0;0;0;0;0;0;0;0;0;0;0;0;0;0;0;0;0;0;0;0;0;0;0;0;0;2025-01-10
2025-01-17;12.86;80.65;0;0;0;0;0;0;0;0;0;0;0;0;0;0;0;0;0;0;0;0;0;0;0;0;0;0;0;5.68;0;0;0;2025-01-17
2025-01-24;12.86;0;0;0;0;0;0;0;0;45.01;0;0;0;0;0;0;0;0;0;0;0;0;0;0;0;0;0;0;0;0;0;0;0;2025-01-24
2025-01-31;12.86;0;0;43.01;0;0;0;0;0;0;0;0;0;0;0;0;0;0;0;0;0;0;0;0;0;0;0;0;0;0;0;0;0;2025-01-31
2025-02-07;12.86;26.43;0;0;0;0;0;0;0;0;0;0;0;0;0;0;0;0;0;0;0;0;0;0;0;0;0;0;0;0;0;0;0;2025-02-07
2025-02-14;0;44.00;6.00;44.53;0;0;0;0;0;0;0;0;0;21.43;0;0;0;0;0;0;0;0;0;0;0;0;0;0;0;0;0;0;0;2025-02-14
2025-02-21;10.71;29.59;39.00;0;0;0;0;0;0;0;0;0;0;0;0;0;0;0;0;0;0;0;0;0;0;0;0;0;0;0;0;0;0;2025-02-21
2025-02-28;12.86;0;5.85;0;0;0;0;0;0;0;0;0;0;0;0;0;0;0;0;0;0;0;0;0;0;0;0;0;0;0;0;0;0;2025-02-28
2025-03-07;18.59;0;43.65;0;0;0;0;0;0;0;0;0;0;0;0;0;0;0;0;0;0;0;0;0;0;0;0;0;0;0;0;0;0;2025-03-07
2025-03-14;26.00;0;0;0;0;0;164.93;0;0;0;0;0;0;0;0;0;0;0;0;0;0;0;0;0;0;0;0;0;0;0;0;0;0;2025-03-14
2025-03-21;6.43;0;44.34;0;0;0;37.43;0;0;0;0;0;0;0;0;0;0;0;0;0;0;0;0;0;0;0;0;0;0;0;0;0;0;2025-03-21
2025-03-28;28.17;0;0;0;0;0;18.57;0;0;0;0;0;0;0;0;0;0;0;0;0;0;0;0;0;0;0;0;0;0;0;0;0;0;2025-03-28
2025-04-04;15.72;0;0;0;0;0;24.43;0;0;0;0;0;0;0;0;0;0;0;0;0;0;0;0;0;0;0;0;0;0;0;0;0;0;2025-04-04
2025-04-11;12.63;0;0;0;0;0;0;0;0;0;0;0;0;0;0;0;0;0;0;0;0;0;0;0;0;0;0;0;0;0;0;0;0;2025-04-11
2025-04-18;12.86;0;0;0;0;0;61.29;0;0;0;0;0;0;0;0;0;0;0;0;0;0;0;0;1.13;0;0;0;0;0;0;0;0;0;2025-04-18
2025-04-25;19.28;0;0;0;0;0;20.29;0;0;0;0;0;0;18.98;0;0;0;0;0;0;0;0;0;0;0;0;0;0;0;0;0;0;0;2025-04-25
2025-05-02;10.93;0;0;0;0;0;26.43;0;0;0;0;0;0;0;0;0;0;0;0;0;0;0;0;0;0;0;0;0;0;0;0;0;0;2025-05-02
2025-05-09;19.29;0;0;0;0;0;0;0;0;0;0;0;0;0;0;0;0;0;0;0;0;0;0;0;0;0;0;0;0;0;0;0;0;2025-05-09
2025-05-16;0;0;0;0;0;0;0;0;0;0;0;0;0;0;0;0;0;0;0;0;0;0;0;0;0;0;0;0;0;0;0;0;0;2025-05-16
2025-05-23;12.86;0;0;0;0;0;0;0;0;0;0;0;0;0;0;0;0;0;0;0;0;0;0;0;0;0;0;0;0;0;0;0;0;2025-05-23
2025-05-30;12.86;0;0;0;0;0;0;0;0;0;0;0;16.99;0;0;0;0;0;0;0;0;0;0;0;0;0;0;0;0;0;0;0;0;2025-05-30
2025-06-06;11.43;0;0;0;0;0;0;0;0;0;0;0;0;0;0;0;0;0;0;0;0;0;0;0;0;0;0;0;0;0;0;0;0;2025-06-06
2025-06-13;12.86;0;0;0;0;0;0;0;0;0;0;0;0;0;0;0;0;0;0;0;0;0;0;0;0;0;0;0;0;0;0;0;0;2025-06-13
2025-06-20;12.80;0;0;0;0;0;0;0;0;0;0;0;0;0;0;0;0;0;0;0;0;0;0;0;0;0;0;0;0;0;0;0;0;2025-06-20
2025-06-27;12.80;0;0;0;0;0;0;0;0;0;0;0;0;0;0;0;0;0;0;0;0;0;0;0;0;0;0;0;0;0;0;0;0;2025-06-27
2025-07-04;12.86;0;0;0;0;0;0;0;0;0;0;0;0;0;0;0;0;0;0;0;0;0;0;0;0;0;0;0;0;0;0;0;0;2025-07-04
2025-07-11;11.86;0;0;0;0;0;0;0;0;0;0;0;0;0;0;0;0;0;0;0;0;0;0;0;0;0;0;0;0;0;0;0;0;2025-07-11
2025-07-18;12.86;0;49.34;0;0;0;0;0;0;0;0;0;0;0;0;0;0;0;0;0;0;0;0;0;0;0;0;0;0;0;0;0;0;2025-07-18
2025-07-25;3.74;0;0;0;0;0;0;0;0;0;0;0;0;0;0;0;0;0;0;0;0;0;0;0;0;0;0;0;0;0;0;0;0;2025-07-25
2025-08-01;15.54;0;0;0;0;0;0;0;0;0;0;0;0;0;0;0;0;0;0;0;0;0;0;0;0;0;0;0;0;0;0;0;0;2025-08-01
2025-08-08;6.01;0;40.61;0;0;0;0;0;0;0;0;0;0;0;0;0;0;0;0;0;0;0;0;0;0;0;0;0;0;0;0;0;0;2025-08-08
2025-08-15;32.04;0;0;0;0;0;0;0;0;0;0;0;0;0;0;0;0;0;0;0;0;0;0;0;0;0;0;0;0;0;0;0;0;2025-08-15
2025-08-22;3.33;0;0;0;0;0;0;0;0;0;0;0;0;0;0;0;0;0;0;0;0;0;0;0;0;0;0;0;0;0;0;0;0;2025-08-22
2025-08-29;9.52;0;0;0;0;0;0;0;0;0;0;0;0;0;0;0;0;0;0;0;0;0;0;0;0;0;0;0;0;0;0;0;0;2025-08-29
2025-09-05;6.05;0;0;0;0;0;0;0;0;0;0;0;0;0;0;0;0;0;0;0;0;0;0;0;0;0;0;0;0;0;0;0;0;2025-09-05
2025-09-12;21.35;0;0;0;0;0;0;0;0;0;0;0;0;0;0;0;0;0;0;0;0;0;0;0;0;0;0;0;0;0;0;0;0;2025-09-12
2025-09-19;0;0;0;0;0;0;0;0;0;0;0;0;0;0;0;0;0;0;0;0;0;0;0;0;0;0;0;0;0;0;0;0;0;2025-09-19
2025-09-26;0;0;0;0;0;0;0;0;0;0;0;0;0;0;0;0;0;0;0;0;0;0;0;0;0;0;0;0;0;0;0;0;0;2025-09-26
2025-10-03;0;0;0;0;0;0;0;0;0;0;0;0;0;0;0;0;0;0;0;0;0;0;0;0;0;0;0;0;0;0;0;0;0;2025-10-03
2025-10-10;0;0;24.92;0;0;0;0;0;0;0;0;0;0;0;0;0;0;0;0;0;0;0;0;0;0;0;0;0;0;0;0;0;0;2025-10-10
2025-10-17;14.70;0;19.04;0;0;0;0;0;0;0;0;0;0;0;0;0;0;0;0;0;0;0;0;0;0;0;0;0;0;0;0;0;0;2025-10-17
2025-10-24;17.28;0;0;0;0;0;49.30;0;0;0;0;0;0;0;0;0;0;0;0;0;0;0;0;0;0;0;0;0;0;0;0;0;0;2025-10-24
2025-10-31;12.96;0;0;0;0;0;64.80;0;0;0;0;0;0;0;0;0;0;0;0;0;0;0;0;0;0;0;0;0;0;0;0;0;0;2025-10-31
2025-11-07;12.96;0;0;0;0;0;0;0;0;0;0;0;0;0;0;0;0;0;0;0;0;0;0;0;0;0;0;0;0;0;0;0;0;2025-11-07
2025-11-14;17.43;0;0;0;0;0;0;0;0;0;0;0;0;0;0;0;0;0;0;0;0;0;0;0;0;0;0;0;0;0;0;0;0;2025-11-14
2025-11-21;0;0;0;44.42;0;0;0;0;0;0;0;0;0;0;0;0;0;0;0;0;0;0;0;0;0;0;0;0;0;0;0;0;0;2025-11-21
2025-11-28;28.34;0;0;0;0;0;0;0;0;0;0;0;0;0;0;0;0;0;0;0;0;0;0;0;0;0;0;0;0;0;0;0;0;2025-11-28
2025-12-05;6.62;0;0;0;0;0;0;0;0;0;0;0;0;0;0;0;0;0;0;0;0;0;0;0;0;0;0;0;0;0;0;0;0;2025-12-05
2025-12-12;12.96;0;0;0;0;0;0;0;0;0;0;0;0;0;0;0;0;0;0;0;0;0;0;0;0;0;0;0;0;0;0;0;0;2025-12-12
2025-12-19;25.78;0;0;0;0;0;0;0;0;0;0;0;0;0;0;0;0;0;0;0;0;0;0;0;0;0;0;0;0;0;0;0;0;2025-12-19
2025-12-26;33.04;0;0;0;0;0;42.33;0;0;0;0;0;0;0;0;0;0;0;0;0;0;0;0;0;0;0;0;0;0;0;0;0;0;2025-12-26
2026-01-02;0.29;0;0;0;0;0;0;0;0;0;0;0;0;0;0;0;0;0;0;0;0;0;0;0;0;0;0;0;0;0;0;0;0;2026-01-02
2026-01-09;24.87;0;0;0;0;0;0;0;0;0;0;0;0;0;0;0;0;0;0;0;0;0;0;0;0;0;0;0;0;0;0;0;0;2026-01-09
2026-01-16;6.48;0;0;0;0;0;0;0;0;0;0;0;0;0;0;0;0;0;0;0;0;0;0;0;0;0;0;0;0;0;0;0;0;2026-01-16
2026-01-23;16.65;0;0;0;0;0;0;0;0;0;0;0;0;0;0;0;0;0;0;0;0;0;0;0;0;0;0;0;0;0;0;0;0;2026-01-23
2026-01-30;6.48;0;0;0;0;0;0;0;0;0;0;0;0;0;0;0;0;0;0;0;0;0;0;0;0;0;0;0;0;0;0;0;0;2026-01-30
2026-02-06;28.84;0;0;0;0;0;0;0;0;0;0;0;0;0;0;0;0;0;0;0;0;0;0;0;0;0;0;0;0;0;0;0;0;2026-02-06
2026-02-13;17.58;0;0;0;0;0;0;0;0;0;0;0;0;0;0;0;0;0;0;0;0;0;0;0;0;0;0;0;0;0;0;0;0;2026-02-13
2026-02-20;14.63;0;0;0;0;0;0;0;0;0;0;0;0;0;0;0;0;0;0;0;0;0;0;0;0;0;0;0;0;0;0;0;0;2026-02-20
2026-02-27;16.30;0;40.32;0;0;0;0;0;0;0;0;0;0;0;0;0;0;0;0;0;0;0;0;0;0;0;0;0;0;0;0;0;0;2026-02-27
2026-03-06;22.39;0;0;0;0;0;0;0;0;0;0;0;0;0;0;0;0;0;0;0;0;0;0;0;0;0;0;0;0;0;0;0;0;2026-03-06
2026-03-13;29.23;0;0;0;0;0;0;0;0;0;0;0;0;0;0;0;0;0;0;0;0;0;0;0;0;0;0;0;0;0;0;0;0;2026-03-13
2026-03-20;11.02;0;0;0;0;0;0;0;0;0;0;0;0;0;0;0;0;0;0;0;0;0;0;0;0;0;0;0;0;0;0;0;0;2026-03-20
2026-03-27;45.51;0;0;0;0;0;0;0;0;0;0;0;0;0;0;0;0;0;0;0;0;0;0;0;0;0;0;0;0;0;0;0;0;2026-03-27
2026-04-03;44.81;0;0;0;0;0;0;0;0;0;0;0;0;0;0;0;0;0;0;0;0;0;0;0;0;0;0;0;0;0;0;0;0;2026-04-03
2026-04-10;6.48;0;0;0;0;0;0;0;0;0;0;0;0;0;0;0;0;0;0;0;0;0;0;0;0;0;0;0;0;0;0;0;0;2026-04-10
2026-04-17;28.31;0;0;0;0;0;0;0;0;0;0;0;0;0;0;0;0;0;0;0;0;0;0;0;0;0;0;0;0;0;0;0;0;2026-04-17
2026-04-24;0;0;0;0;0;0;0;0;0;0;0;0;0;0;0;0;0;0;0;0;0;0;0;0;0;0;0;0;0;0;0;0;0;2026-04-24
2026-05-01;38.03;0;0;0;0;0;0;0;0;0;0;0;0;0;0;0;0;0;0;0;0;0;0;0;0;0;0;0;0;0;0;0;0;2026-05-01
2026-05-08;6.48;0;0;0;0;0;0;0;0;0;0;0;0;0;0;0;0;0;0;0;0;0;0;0;0;0;0;0;0;0;0;0;0;2026-05-08
2026-05-15;6.43;0;0;0;0;0;0;0;0;0;0;0;0;0;0;0;0;0;0;0;0;0;0;0;0;0;0;0;0;0;0;0;0;2026-05-15
2026-05-22;19.29;0;0;0;0;0;0;0;0;0;0;0;0;0;0;0;0;0;0;0;0;0;0;0;0;0;0;0;0;0;0;0;0;2026-05-22
2026-05-29;0;0;0;0;0;0;0;0;0;0;0;0;0;0;0;0;0;0;0;0;0;0;0;0;0;0;0;0;0;0;0;0;0;2026-05-29
2026-06-05;38.24;0;0;0;0;0;0;0;0;0;0;0;0;0;0;0;0;0;0;0;0;0;0;0;0;0;0;0;0;0;0;0;0;2026-06-05
2026-06-12;12.86;0;0;0;0;0;0;0;0;0;0;0;0;0;0;0;0;0;0;0;0;0;0;0;0;0;0;0;0;0;0;0;0;2026-06-12
2026-06-19;12.14;0;0;0;0;0;0;0;0;0;0;0;0;0;0;0;0;0;0;0;0;0;0;0;0;0;0;0;0;0;0;0;0;2026-06-19
2026-06-26;12.86;0;0;0;0;0;0;0;0;0;0;0;0;0;0;0;0;0;0;0;0;0;0;0;0;0;0;0;0;0;0;0;0;2026-06-26
2026-07-03;19.27;0;0;0;0;0;0;0;0;0;0;0;0;0;0;0;0;0;0;0;0;0;0;0;0;0;0;0;0;0;0;0;0;2026-07-03
2026-07-10;6.43;0;0;0;0;0;0;0;0;0;0;0;0;0;0;0;0;0;0;0;0;0;0;0;0;0;0;0;0;0;0;0;0;2026-07-10
2026-07-17;0;0;0;0;0;0;0;0;0;0;0;0;0;0;0;0;0;0;0;0;0;0;0;0;0;0;0;0;0;0;0;0;0;2026-07-17
2026-07-24;0;0;0;0;0;0;0;0;0;0;0;0;0;0;0;0;0;0;0;0;0;0;0;0;0;0;0;0;0;0;0;0;0;2026-07-24
2026-07-31;0;0;0;0;0;0;0;0;0;0;0;0;0;0;0;0;0;0;0;0;0;0;0;0;0;0;0;0;0;0;0;0;0;2026-07-31
2026-08-07;0;0;0;0;0;0;0;0;0;0;0;0;0;0;0;0;0;0;0;0;0;0;0;0;0;0;0;0;0;0;0;0;0;2026-08-07
2026-08-14;0;0;0;0;0;0;0;0;0;0;0;0;0;0;0;0;0;0;0;0;0;0;0;0;0;0;0;0;0;0;0;0;0;2026-08-14
2026-08-21;0;0;0;0;0;0;0;0;0;0;0;0;0;0;0;0;0;0;0;0;0;0;0;0;0;0;0;0;0;0;0;0;0;2026-08-21
