week_ending,commodity,padd1_imports_total_kbd,padd1_imports_canada_kbd,padd1_imports_non_canada_kbd,padd1_exports_total_kbd,padd1ab_imports_total_kbd,padd1ab_imports_canada_kbd,padd1ab_imports_non_canada_kbd,padd1ab_exports_total_kbd,padd1ab_exports_europe_kbd,padd1ab_exports_other_kbd,padd1c_imports_total_kbd,padd1c_imports_canada_kbd,padd1c_imports_non_canada_kbd,padd1c_imports_intra_us_kbd,padd1c_exports_total_kbd,padd3_to_padd1_kbd,padd3_to_padd1ab_kbd,padd3_to_padd1c_kbd,padd3_to_padd5_kbd,padd3_exports_total_kbd,padd3_exports_africa_kbd,padd3_exports_europe_kbd,padd3_exports_latin_america_kbd,padd3_exports_other_kbd,padd5_imports_total_kbd,padd5_exports_total_kbd,us_imports_total_kbd,us_imports_canada_kbd,us_imports_non_canada_kbd,us_exports_total_kbd,us_exports_europe_kbd,us_exports_latin_america_kbd
2018-01-05,jet,66.43,0.0,66.43,0.0,0.0,0.0,0.0,0.0,0.0,0.0,0.0,0.0,0.0,0.0,0.0,35.81,0.0,0.0,0.0,132.81,0.0,0.0,87.19,45.620000000000005,0.0,0.0,0.0,0.0,0.0,0.0,0.0,0.0
2018-01-12,jet,84.7,49.34,35.36,0.0,0.0,0.0,0.0,0.0,0.0,0.0,0.0,0.0,0.0,0.0,0.0,6.36,0.0,0.0,0.0,173.09,0.0,48.1,86.93,38.06,128.65,10.11,0.0,0.0,0.0,0.0,0.0,0.0
2018-01-19,jet,142.82,18.08,124.74,0.0,0.0,0.0,0.0,0.0,0.0,0.0,0.0,0.0,0.0,0.0,0.0,31.87,0.0,0.0,0.0,231.36,0.0,0.0,187.26,44.10000000000002,146.23,0.0,0.0,0.0,0.0,0.0,0.0,0.0
2018-01-26,jet,110.98,12.24,98.74000000000001,0.0,0.0,0.0,0.0,0.0,0.0,0.0,0.0,0.0,0.0,0.0,0.0,0.0,0.0,0.0,0.0,183.07,0.0,0.0,94.69,88.38,21.37,87.72,0.0,0.0,0.0,0.0,0.0,0.0
2018-02-02,jet,107.4,39.36,68.04,0.0,0.0,0.0,0.0,0.0,0.0,0.0,0.0,0.0,0.0,0.0,0.0,0.0,0.0,0.0,0.0,87.13,0.0,0.0,87.13,0.0,23.62,14.81,0.0,0.0,0.0,0.0,0.0,0.0
2018-02-09,jet,61.33,0.0,61.33,0.0,0.0,0.0,0.0,0.0,0.0,0.0,0.0,0.0,0.0,0.0,0.0,46.33,0.0,0.0,0.0,99.79,0.0,0.0,99.79,0.0,25.0,42.94,0.0,0.0,0.0,0.0,0.0,0.0
2018-02-16,jet,19.29,19.29,0.0,0.0,0.0,0.0,0.0,0.0,0.0,0.0,0.0,0.0,0.0,0.0,0.0,21.64,0.0,0.0,0.0,135.14,0.0,88.19,46.95,0.0,43.57,0.0,0.0,0.0,0.0,0.0,0.0,0.0
2018-02-23,jet,71.81,0.0,71.81,0.0,0.0,0.0,0.0,0.0,0.0,0.0,0.0,0.0,0.0,0.0,0.0,0.0,0.0,0.0,0.0,166.88000000000002,0.0,45.3,99.93,21.65000000000002,68.87,17.48,0.0,0.0,0.0,0.0,0.0,0.0
2018-03-02,jet,48.01,19.29,28.72,0.0,0.0,0.0,0.0,0.0,0.0,0.0,0.0,0.0,0.0,0.0,0.0,48.57,0.0,0.0,0.0,125.03999999999999,3.6,0.0,85.75,35.69,136.37,31.47,0.0,0.0,0.0,0.0,0.0,0.0
2018-03-09,jet,14.29,0.0,14.29,41.14,0.0,0.0,0.0,0.0,0.0,0.0,0.0,0.0,0.0,0.0,0.0,19.21,0.0,0.0,0.0,180.39,89.07,46.77,44.55,0.0,22.3,0.0,0.0,0.0,0.0,0.0,0.0,0.0
2018-03-16,jet,69.5,6.56,62.94,0.0,0.0,0.0,0.0,0.0,0.0,0.0,0.0,0.0,0.0,0.0,0.0,0.0,0.0,0.0,0.0,135.08,0.0,0.0,135.08,0.0,20.66,20.56,0.0,0.0,0.0,0.0,0.0,0.0
2018-03-23,jet,47.34,15.8,31.540000000000003,0.0,0.0,0.0,0.0,0.0,0.0,0.0,0.0,0.0,0.0,0.0,0.0,27.21,0.0,0.0,0.0,252.72,0.0,128.44,124.28,0.0,24.67,23.32,0.0,0.0,0.0,0.0,0.0,0.0
2018-03-30,jet,26.29,0.0,26.29,0.0,0.0,0.0,0.0,0.0,0.0,0.0,0.0,0.0,0.0,0.0,0.0,29.33,0.0,0.0,0.0,284.92,0.0,43.31,196.22,45.390000000000015,88.15,26.31,0.0,0.0,0.0,0.0,0.0,0.0
2018-04-06,jet,87.91,67.62,20.289999999999992,0.0,0.0,0.0,0.0,0.0,0.0,0.0,0.0,0.0,0.0,0.0,0.0,9.05,0.0,0.0,0.0,246.76,0.0,0.0,201.29,45.47,0.0,0.0,0.0,0.0,0.0,0.0,0.0,0.0
2018-04-13,jet,40.81,5.52,35.290000000000006,49.25,0.0,0.0,0.0,0.0,0.0,0.0,0.0,0.0,0.0,0.0,0.0,9.05,0.0,0.0,0.0,179.76,0.0,65.1,114.66,0.0,68.92,26.19,0.0,0.0,0.0,0.0,0.0,0.0
2018-04-20,jet,67.02,12.1,54.919999999999995,0.0,0.0,0.0,0.0,0.0,0.0,0.0,0.0,0.0,0.0,0.0,0.0,46.33,0.0,0.0,0.0,304.89,0.0,0.0,217.46,87.42999999999998,35.35,26.88,0.0,0.0,0.0,0.0,0.0,0.0
2018-04-27,jet,70.32000000000001,22.28,48.040000000000006,0.0,0.0,0.0,0.0,0.0,0.0,0.0,0.0,0.0,0.0,0.0,0.0,88.4,0.0,0.0,0.0,96.67,0.0,0.0,60.02,36.65,189.28,14.88,0.0,0.0,0.0,0.0,0.0,0.0
2018-05-04,jet,52.14,0.0,52.14,0.0,0.0,0.0,0.0,0.0,0.0,0.0,0.0,0.0,0.0,0.0,0.0,9.05,0.0,0.0,0.0,216.8,0.0,42.86,111.21,62.730000000000004,33.13,44.54,0.0,0.0,0.0,0.0,0.0,0.0
2018-05-11,jet,59.33,27.14,32.19,0.0,0.0,0.0,0.0,0.0,0.0,0.0,0.0,0.0,0.0,0.0,0.0,9.05,0.0,0.0,0.0,357.86,46.79,52.3,168.7,90.07,193.32,0.0,0.0,0.0,0.0,0.0,0.0,0.0
2018-05-18,jet,62.4,62.4,0.0,0.0,0.0,0.0,0.0,0.0,0.0,0.0,0.0,0.0,0.0,0.0,0.0,140.32,0.0,0.0,0.0,152.08,0.0,89.67,62.41,1.4210854715202004e-14,89.75,0.0,0.0,0.0,0.0,0.0,0.0,0.0
2018-05-25,jet,42.86,12.86,30.0,0.0,0.0,0.0,0.0,0.0,0.0,0.0,0.0,0.0,0.0,0.0,0.0,9.05,0.0,0.0,0.0,142.87,0.0,0.0,142.87,0.0,49.34,0.0,0.0,0.0,0.0,0.0,0.0,0.0
2018-06-01,jet,90.75,12.24,78.51,11.96,0.0,0.0,0.0,0.0,0.0,0.0,0.0,0.0,0.0,0.0,0.0,48.57,0.0,0.0,0.0,237.0,40.08,79.83,114.55,2.5400000000000205,0.0,14.44,0.0,0.0,0.0,0.0,0.0,0.0
2018-06-08,jet,12.86,12.86,0.0,14.55,0.0,0.0,0.0,0.0,0.0,0.0,0.0,0.0,0.0,0.0,0.0,0.0,0.0,0.0,0.0,125.56,47.2,45.65,32.71,0.0,87.36,0.0,0.0,0.0,0.0,0.0,0.0,0.0
2018-06-15,jet,84.64,50.43,34.21,47.27,0.0,0.0,0.0,0.0,0.0,0.0,0.0,0.0,0.0,0.0,0.0,5.99,0.0,0.0,0.0,212.87,0.0,93.45,119.42,0.0,178.55,0.0,0.0,0.0,0.0,0.0,0.0,0.0
2018-06-22,jet,85.03999999999999,25.25,59.78999999999999,0.0,0.0,0.0,0.0,0.0,0.0,0.0,0.0,0.0,0.0,0.0,0.0,9.05,0.0,0.0,0.0,204.24,0.0,0.0,204.24,0.0,0.0,0.0,0.0,0.0,0.0,0.0,0.0,0.0
2018-06-29,jet,49.26,19.29,29.97,39.26,0.0,0.0,0.0,0.0,0.0,0.0,0.0,0.0,0.0,0.0,0.0,5.99,0.0,0.0,0.0,146.28,0.0,0.0,106.26,40.019999999999996,108.16,0.0,0.0,0.0,0.0,0.0,0.0,0.0
2018-07-06,jet,74.51,0.0,74.51,0.0,0.0,0.0,0.0,0.0,0.0,0.0,0.0,0.0,0.0,0.0,0.0,56.0,0.0,0.0,0.0,297.14,0.0,92.28,157.6,47.25999999999999,19.29,58.93,0.0,0.0,0.0,0.0,0.0,0.0
2018-07-13,jet,17.14,17.14,0.0,18.93,0.0,0.0,0.0,0.0,0.0,0.0,0.0,0.0,0.0,0.0,0.0,4.53,0.0,0.0,0.0,259.44,0.0,22.11,150.23,87.1,92.26,0.0,0.0,0.0,0.0,0.0,0.0,0.0
2018-07-20,jet,63.51,0.0,63.51,0.0,0.0,0.0,0.0,0.0,0.0,0.0,0.0,0.0,0.0,0.0,0.0,9.05,0.0,0.0,0.0,250.98,47.78,0.0,203.2,0.0,195.27,68.03,0.0,0.0,0.0,0.0,0.0,0.0
2018-07-27,jet,129.8,19.29,110.51000000000002,0.0,0.0,0.0,0.0,0.0,0.0,0.0,0.0,0.0,0.0,0.0,0.0,8.61,0.0,0.0,5.01,109.77000000000001,0.0,56.38,53.39,7.105427357601002e-15,111.12,0.0,0.0,0.0,0.0,0.0,0.0,0.0
2018-08-03,jet,36.489999999999995,21.08,15.409999999999997,0.0,0.0,0.0,0.0,0.0,0.0,0.0,0.0,0.0,0.0,0.0,0.0,9.05,0.0,0.0,0.0,282.66,0.0,0.0,240.08,42.58000000000001,0.0,0.0,0.0,0.0,0.0,0.0,0.0,0.0
2018-08-10,jet,100.72999999999999,54.3,46.42999999999999,0.0,0.0,0.0,0.0,0.0,0.0,0.0,0.0,0.0,0.0,0.0,0.0,9.05,0.0,0.0,0.0,170.86,0.0,46.08,64.83,59.95000000000002,54.02,4.96,0.0,0.0,0.0,0.0,0.0,0.0
2018-08-17,jet,89.69999999999999,19.29,70.41,0.0,0.0,0.0,0.0,0.0,0.0,0.0,0.0,0.0,0.0,0.0,0.0,0.0,0.0,0.0,0.0,310.49,0.0,45.93,218.43,46.129999999999995,127.05,40.78,0.0,0.0,0.0,0.0,0.0,0.0
2018-08-24,jet,58.97,35.4,23.57,0.0,0.0,0.0,0.0,0.0,0.0,0.0,0.0,0.0,0.0,0.0,0.0,5.21,0.0,0.0,0.0,163.64999999999998,0.0,47.16,116.49,0.0,123.56,0.0,0.0,0.0,0.0,0.0,0.0,0.0
2018-08-31,jet,94.15,38.57,55.580000000000005,0.0,0.0,0.0,0.0,0.0,0.0,0.0,0.0,0.0,0.0,0.0,0.0,3.1,0.0,0.0,0.0,201.86,0.0,0.0,201.86,0.0,80.4,0.0,0.0,0.0,0.0,0.0,0.0,0.0
2018-09-07,jet,0.0,0.0,0.0,0.0,0.0,0.0,0.0,0.0,0.0,0.0,0.0,0.0,0.0,0.0,0.0,0.0,0.0,0.0,0.0,188.79,0.0,0.0,125.47,63.31999999999999,189.53,21.59,0.0,0.0,0.0,0.0,0.0,0.0
2018-09-14,jet,35.71,24.86,10.850000000000001,24.63,0.0,0.0,0.0,0.0,0.0,0.0,0.0,0.0,0.0,0.0,0.0,9.05,0.0,0.0,0.0,114.73,0.0,0.0,106.42,8.310000000000002,127.12,0.0,0.0,0.0,0.0,0.0,0.0,0.0
2018-09-21,jet,255.84999999999997,17.39,238.45999999999998,0.0,0.0,0.0,0.0,0.0,0.0,0.0,0.0,0.0,0.0,0.0,0.0,5.58,0.0,0.0,0.0,272.47,0.0,46.93,181.55,43.99000000000001,87.18,42.3,0.0,0.0,0.0,0.0,0.0,0.0
2018-09-28,jet,120.11000000000001,5.43,114.68,0.0,0.0,0.0,0.0,0.0,0.0,0.0,0.0,0.0,0.0,0.0,0.0,0.0,0.0,0.0,0.0,157.55,0.0,0.0,73.5,84.05000000000001,92.4,42.44,0.0,0.0,0.0,0.0,0.0,0.0
2018-10-05,jet,112.69,46.67,66.02,0.0,0.0,0.0,0.0,0.0,0.0,0.0,0.0,0.0,0.0,0.0,0.0,0.0,0.0,0.0,0.0,201.23,0.0,14.57,186.66,0.0,71.18,0.0,0.0,0.0,0.0,0.0,0.0,0.0
2018-10-12,jet,4.57,4.57,0.0,0.0,0.0,0.0,0.0,0.0,0.0,0.0,0.0,0.0,0.0,0.0,0.0,22.62,0.0,0.0,0.0,223.87,0.0,181.37,41.63,0.8699999999999974,52.95,0.0,0.0,0.0,0.0,0.0,0.0,0.0
2018-10-19,jet,106.43,0.0,106.43,0.0,0.0,0.0,0.0,0.0,0.0,0.0,0.0,0.0,0.0,0.0,0.0,5.58,0.0,0.0,0.0,253.17000000000002,0.0,28.87,174.96,49.34,82.2,65.64,0.0,0.0,0.0,0.0,0.0,0.0
2018-10-26,jet,43.36,0.0,43.36,0.0,0.0,0.0,0.0,0.0,0.0,0.0,0.0,0.0,0.0,0.0,0.0,9.05,0.0,0.0,0.0,234.27,46.71,14.44,82.41,90.71000000000001,67.82,45.29,0.0,0.0,0.0,0.0,0.0,0.0
2018-11-02,jet,49.25,49.25,0.0,40.87,0.0,0.0,0.0,0.0,0.0,0.0,0.0,0.0,0.0,0.0,0.0,0.0,0.0,0.0,0.0,173.45,46.47,46.05,80.93,0.0,116.82,0.0,0.0,0.0,0.0,0.0,0.0,0.0
2018-11-09,jet,38.91,0.0,38.91,0.0,0.0,0.0,0.0,0.0,0.0,0.0,0.0,0.0,0.0,0.0,0.0,20.6,0.0,0.0,0.0,223.08999999999997,0.0,0.0,123.1,99.98999999999998,44.94,0.0,0.0,0.0,0.0,0.0,0.0,0.0
2018-11-16,jet,64.25,17.14,47.11,0.0,0.0,0.0,0.0,0.0,0.0,0.0,0.0,0.0,0.0,0.0,0.0,0.0,0.0,0.0,0.0,202.29999999999998,0.0,19.7,133.26,49.34,86.42,0.0,0.0,0.0,0.0,0.0,0.0,0.0
2018-11-23,jet,44.99,6.43,38.56,0.0,0.0,0.0,0.0,0.0,0.0,0.0,0.0,0.0,0.0,0.0,0.0,0.0,0.0,0.0,0.0,238.57999999999998,0.0,13.28,178.81,46.48999999999998,44.72,30.25,0.0,0.0,0.0,0.0,0.0,0.0
2018-11-30,jet,0.0,0.0,0.0,20.5,0.0,0.0,0.0,0.0,0.0,0.0,0.0,0.0,0.0,0.0,0.0,9.05,0.0,0.0,0.0,136.48,0.0,0.0,136.48,0.0,90.18,23.11,0.0,0.0,0.0,0.0,0.0,0.0
2018-12-07,jet,104.3,48.16,56.14,0.0,0.0,0.0,0.0,0.0,0.0,0.0,0.0,0.0,0.0,0.0,0.0,9.7,0.0,0.0,0.0,190.81,0.0,0.0,140.27,50.53999999999999,44.96,0.0,0.0,0.0,0.0,0.0,0.0,0.0
2018-12-14,jet,17.14,17.14,0.0,0.0,0.0,0.0,0.0,0.0,0.0,0.0,0.0,0.0,0.0,0.0,0.0,9.7,0.0,0.0,0.0,146.15,0.0,0.0,121.48,24.67,44.96,0.0,0.0,0.0,0.0,0.0,0.0,0.0
2018-12-21,jet,4.59,4.59,0.0,0.0,0.0,0.0,0.0,0.0,0.0,0.0,0.0,0.0,0.0,0.0,0.0,56.03,0.0,0.0,0.0,165.67,0.0,0.0,116.57,49.099999999999994,81.22,48.83,0.0,0.0,0.0,0.0,0.0,0.0
2018-12-28,jet,46.230000000000004,0.0,46.230000000000004,0.0,0.0,0.0,0.0,0.0,0.0,0.0,0.0,0.0,0.0,0.0,0.0,15.4,0.0,0.0,0.0,177.85,0.0,0.0,128.62,49.22999999999999,47.98,0.0,0.0,0.0,0.0,0.0,0.0,0.0
2019-01-04,jet,66.48,18.76,47.72,0.0,0.0,0.0,0.0,0.0,0.0,0.0,0.0,0.0,0.0,0.0,0.0,12.76,0.0,0.0,0.0,281.27,46.05,89.78,121.39,24.04999999999997,105.62,21.71,0.0,0.0,0.0,0.0,0.0,0.0
2019-01-11,jet,93.42,0.0,93.42,0.0,0.0,0.0,0.0,0.0,0.0,0.0,0.0,0.0,0.0,0.0,0.0,6.69,0.0,0.0,0.0,208.73,0.0,3.4,159.69,45.639999999999986,68.05,32.82,0.0,0.0,0.0,0.0,0.0,0.0
2019-01-18,jet,39.34,0.0,39.34,22.58,0.0,0.0,0.0,0.0,0.0,0.0,0.0,0.0,0.0,0.0,0.0,38.73,0.0,0.0,0.0,235.92,0.0,0.0,185.95,49.97,32.16,28.41,0.0,0.0,0.0,0.0,0.0,0.0
2019-01-25,jet,80.63,24.38,56.25,39.25,0.0,0.0,0.0,0.0,0.0,0.0,0.0,0.0,0.0,0.0,0.0,9.7,0.0,0.0,0.0,185.17000000000002,0.0,0.0,138.25,46.920000000000016,102.96,5.2,0.0,0.0,0.0,0.0,0.0,0.0
2019-02-01,jet,110.52000000000001,41.46,69.06,0.0,0.0,0.0,0.0,0.0,0.0,0.0,0.0,0.0,0.0,0.0,0.0,0.0,0.0,0.0,0.0,163.96,0.0,0.0,163.96,0.0,96.07,0.0,0.0,0.0,0.0,0.0,0.0,0.0
2019-02-08,jet,160.76,11.43,149.32999999999998,0.0,0.0,0.0,0.0,0.0,0.0,0.0,0.0,0.0,0.0,0.0,0.0,80.67,0.0,0.0,0.0,73.63,0.0,46.84,26.79,0.0,93.26,55.18,0.0,0.0,0.0,0.0,0.0,0.0
2019-02-15,jet,107.22,24.68,82.53999999999999,0.0,0.0,0.0,0.0,0.0,0.0,0.0,0.0,0.0,0.0,0.0,0.0,9.7,0.0,0.0,0.0,244.13,0.0,0.0,244.13,0.0,106.45,31.9,0.0,0.0,0.0,0.0,0.0,0.0
2019-02-22,jet,105.07000000000001,18.82,86.25,49.23,0.0,0.0,0.0,0.0,0.0,0.0,0.0,0.0,0.0,0.0,0.0,7.42,0.0,0.0,0.0,159.79,0.0,0.0,159.79,0.0,118.49,78.45,0.0,0.0,0.0,0.0,0.0,0.0
2019-03-01,jet,43.67,9.38,34.29,41.38,0.0,0.0,0.0,0.0,0.0,0.0,0.0,0.0,0.0,0.0,0.0,9.7,0.0,0.0,0.0,138.87,0.0,47.91,90.96,1.4210854715202004e-14,51.21,0.0,0.0,0.0,0.0,0.0,0.0,0.0
2019-03-08,jet,141.53,54.67,86.86,0.0,0.0,0.0,0.0,0.0,0.0,0.0,0.0,0.0,0.0,0.0,0.0,4.88,0.0,0.0,0.0,24.52,0.0,0.0,24.52,0.0,159.82,8.35,0.0,0.0,0.0,0.0,0.0,0.0
2019-03-15,jet,42.84,25.13,17.710000000000004,40.86,0.0,0.0,0.0,0.0,0.0,0.0,0.0,0.0,0.0,0.0,0.0,4.88,0.0,0.0,0.0,117.64,0.0,0.0,117.64,0.0,62.81,25.65,0.0,0.0,0.0,0.0,0.0,0.0
2019-03-22,jet,30.0,19.29,10.71,16.38,0.0,0.0,0.0,0.0,0.0,0.0,0.0,0.0,0.0,0.0,0.0,9.75,0.0,0.0,0.0,236.45,0.0,0.0,235.54,0.9099999999999966,121.64,21.78,0.0,0.0,0.0,0.0,0.0,0.0
2019-03-29,jet,76.35,0.0,76.35,43.31,0.0,0.0,0.0,0.0,0.0,0.0,0.0,0.0,0.0,0.0,0.0,9.75,0.0,0.0,0.0,113.34,0.0,0.0,88.36,24.980000000000004,38.85,0.0,0.0,0.0,0.0,0.0,0.0,0.0
2019-04-05,jet,193.39000000000001,25.05,168.34,0.0,0.0,0.0,0.0,0.0,0.0,0.0,0.0,0.0,0.0,0.0,0.0,0.0,0.0,0.0,0.0,108.65,0.0,0.0,108.65,0.0,50.4,0.0,0.0,0.0,0.0,0.0,0.0,0.0
2019-04-12,jet,83.58,59.29,24.29,42.64,0.0,0.0,0.0,0.0,0.0,0.0,0.0,0.0,0.0,0.0,0.0,19.37,0.0,0.0,0.0,205.74,0.0,0.0,205.74,0.0,208.0,0.0,0.0,0.0,0.0,0.0,0.0,0.0
2019-04-19,jet,41.21,19.29,21.92,0.0,0.0,0.0,0.0,0.0,0.0,0.0,0.0,0.0,0.0,0.0,0.0,9.75,0.0,0.0,0.0,138.16,0.0,0.0,132.2,5.960000000000008,94.1,0.0,0.0,0.0,0.0,0.0,0.0,0.0
2019-04-26,jet,66.28,15.71,50.57,43.31,0.0,0.0,0.0,0.0,0.0,0.0,0.0,0.0,0.0,0.0,0.0,19.23,0.0,0.0,0.0,184.78,0.0,0.0,184.78,0.0,156.43,0.0,0.0,0.0,0.0,0.0,0.0,0.0
2019-05-03,jet,27.57,27.57,0.0,0.0,0.0,0.0,0.0,0.0,0.0,0.0,0.0,0.0,0.0,0.0,0.0,0.0,0.0,0.0,0.0,192.45999999999998,0.0,0.0,161.51,30.94999999999999,87.27,26.16,0.0,0.0,0.0,0.0,0.0,0.0
2019-05-10,jet,49.16,49.16,0.0,0.0,0.0,0.0,0.0,0.0,0.0,0.0,0.0,0.0,0.0,0.0,0.0,9.28,0.0,0.0,0.0,225.70000000000002,0.0,45.4,139.97,40.33000000000001,191.99,0.0,0.0,0.0,0.0,0.0,0.0,0.0
2019-05-17,jet,120.63,6.43,114.19999999999999,38.31,0.0,0.0,0.0,0.0,0.0,0.0,0.0,0.0,0.0,0.0,0.0,55.61,0.0,0.0,0.0,170.25,0.0,47.54,122.71,1.4210854715202004e-14,115.18,0.0,0.0,0.0,0.0,0.0,0.0,0.0
2019-05-24,jet,31.71,31.71,0.0,41.46,0.0,0.0,0.0,0.0,0.0,0.0,0.0,0.0,0.0,0.0,0.0,9.28,0.0,0.0,0.0,237.99,1.02,0.0,194.97,42.0,93.93,0.0,0.0,0.0,0.0,0.0,0.0,0.0
2019-05-31,jet,14.29,14.29,0.0,0.0,0.0,0.0,0.0,0.0,0.0,0.0,0.0,0.0,0.0,0.0,0.0,100.01,0.0,0.0,0.0,193.83,0.0,0.0,54.56,139.27,160.57,0.0,0.0,0.0,0.0,0.0,0.0,0.0
2019-06-07,jet,88.62,45.53,43.09,0.0,0.0,0.0,0.0,0.0,0.0,0.0,0.0,0.0,0.0,0.0,0.0,26.24,0.0,0.0,0.0,122.83,0.0,0.0,71.92,50.91,82.41,0.0,0.0,0.0,0.0,0.0,0.0,0.0
2019-06-14,jet,71.15,0.0,71.15,0.0,0.0,0.0,0.0,0.0,0.0,0.0,0.0,0.0,0.0,0.0,0.0,9.28,0.0,0.0,0.0,151.47,0.0,0.0,151.47,0.0,208.07,0.0,0.0,0.0,0.0,0.0,0.0,0.0
2019-06-21,jet,72.63,72.63,0.0,0.0,0.0,0.0,0.0,0.0,0.0,0.0,0.0,0.0,0.0,0.0,0.0,0.0,0.0,0.0,0.0,230.23000000000002,0.0,44.87,140.72,44.640000000000015,0.0,0.0,0.0,0.0,0.0,0.0,0.0,0.0
2019-06-28,jet,28.98,7.02,21.96,14.76,0.0,0.0,0.0,0.0,0.0,0.0,0.0,0.0,0.0,0.0,0.0,9.28,0.0,0.0,0.0,194.72,0.0,44.88,121.72,28.120000000000005,160.71,19.74,0.0,0.0,0.0,0.0,0.0,0.0
2019-07-05,jet,104.48,54.17,50.31,0.0,0.0,0.0,0.0,0.0,0.0,0.0,0.0,0.0,0.0,0.0,0.0,2.94,0.0,0.0,0.0,232.71999999999997,0.0,45.63,99.86,87.22999999999998,65.36,22.38,0.0,0.0,0.0,0.0,0.0,0.0
2019-07-12,jet,101.41,26.75,74.66,0.0,0.0,0.0,0.0,0.0,0.0,0.0,0.0,0.0,0.0,0.0,0.0,15.29,0.0,0.0,0.0,162.38,0.0,28.87,133.51,0.0,131.66,0.0,0.0,0.0,0.0,0.0,0.0,0.0
2019-07-19,jet,74.25,29.24,45.010000000000005,0.0,0.0,0.0,0.0,0.0,0.0,0.0,0.0,0.0,0.0,0.0,0.0,33.17,0.0,0.0,0.0,162.01999999999998,6.48,50.97,59.28,45.28999999999999,204.04,0.0,0.0,0.0,0.0,0.0,0.0,0.0
2019-07-26,jet,152.8,52.86,99.94000000000001,38.78,0.0,0.0,0.0,0.0,0.0,0.0,0.0,0.0,0.0,0.0,0.0,0.0,0.0,0.0,0.0,225.74,2.41,0.0,175.02,48.31,62.58,0.0,0.0,0.0,0.0,0.0,0.0,0.0
2019-08-02,jet,27.14,27.14,0.0,0.0,0.0,0.0,0.0,0.0,0.0,0.0,0.0,0.0,0.0,0.0,0.0,31.79,0.0,0.0,0.0,197.91,0.0,99.02,98.89,0.0,247.24,43.51,0.0,0.0,0.0,0.0,0.0,0.0
2019-08-09,jet,21.400000000000002,19.71,1.6900000000000013,0.0,0.0,0.0,0.0,0.0,0.0,0.0,0.0,0.0,0.0,0.0,0.0,0.0,0.0,0.0,0.0,208.12,0.0,47.12,71.15,89.85,24.6,25.46,0.0,0.0,0.0,0.0,0.0,0.0
2019-08-16,jet,55.0,19.29,35.71,0.0,0.0,0.0,0.0,0.0,0.0,0.0,0.0,0.0,0.0,0.0,0.0,0.0,0.0,0.0,0.0,232.41,0.0,45.93,186.48,0.0,132.6,0.0,0.0,0.0,0.0,0.0,0.0,0.0
2019-08-23,jet,0.0,0.0,0.0,49.83,0.0,0.0,0.0,0.0,0.0,0.0,0.0,0.0,0.0,0.0,0.0,15.94,0.0,0.0,0.0,217.4,0.0,2.52,167.9,46.97999999999999,101.32,0.0,0.0,0.0,0.0,0.0,0.0,0.0
2019-08-30,jet,89.95,51.42,38.53,0.0,0.0,0.0,0.0,0.0,0.0,0.0,0.0,0.0,0.0,0.0,0.0,4.33,0.0,0.0,0.0,106.3,0.0,0.0,106.3,0.0,97.62,0.0,0.0,0.0,0.0,0.0,0.0,0.0
2019-09-06,jet,59.04,4.57,54.47,0.0,0.0,0.0,0.0,0.0,0.0,0.0,0.0,0.0,0.0,0.0,0.0,0.0,0.0,0.0,0.0,180.57999999999998,0.0,46.13,134.45,0.0,121.79,55.87,0.0,0.0,0.0,0.0,0.0,0.0
2019-09-13,jet,75.0,21.43,53.57,0.0,0.0,0.0,0.0,0.0,0.0,0.0,0.0,0.0,0.0,0.0,0.0,4.49,0.0,0.0,0.0,277.0,0.0,112.63,98.06,66.31,154.58,0.0,0.0,0.0,0.0,0.0,0.0,0.0
2019-09-20,jet,74.86,39.83,35.03,0.0,0.0,0.0,0.0,0.0,0.0,0.0,0.0,0.0,0.0,0.0,0.0,29.02,0.0,0.0,0.0,141.73000000000002,45.42,45.32,50.99,1.4210854715202004e-14,124.35,0.0,0.0,0.0,0.0,0.0,0.0,0.0
2019-09-27,jet,12.74,12.74,0.0,49.34,0.0,0.0,0.0,0.0,0.0,0.0,0.0,0.0,0.0,0.0,0.0,9.28,0.0,0.0,0.0,158.7,0.0,45.95,112.75,0.0,100.38,0.0,0.0,0.0,0.0,0.0,0.0,0.0
2019-10-04,jet,12.86,12.86,0.0,38.83,0.0,0.0,0.0,0.0,0.0,0.0,0.0,0.0,0.0,0.0,0.0,21.18,0.0,0.0,0.0,138.6,0.0,0.0,90.73,47.86999999999999,89.31,0.0,0.0,0.0,0.0,0.0,0.0,0.0
2019-10-11,jet,47.120000000000005,12.84,34.28,0.0,0.0,0.0,0.0,0.0,0.0,0.0,0.0,0.0,0.0,0.0,0.0,9.28,0.0,0.0,0.0,138.20999999999998,0.0,21.89,91.72,24.59999999999998,138.8,0.0,0.0,0.0,0.0,0.0,0.0,0.0
2019-10-18,jet,62.83,47.12,15.71,0.0,0.0,0.0,0.0,0.0,0.0,0.0,0.0,0.0,0.0,0.0,0.0,33.17,0.0,0.0,0.0,182.45,0.0,0.0,136.4,46.04999999999998,94.04,0.0,0.0,0.0,0.0,0.0,0.0,0.0
2019-10-25,jet,80.21000000000001,14.29,65.92000000000002,0.0,0.0,0.0,0.0,0.0,0.0,0.0,0.0,0.0,0.0,0.0,0.0,14.09,0.0,0.0,0.0,218.92999999999998,0.0,41.91,130.89,46.129999999999995,131.28,0.0,0.0,0.0,0.0,0.0,0.0,0.0
2019-11-01,jet,46.22,17.14,29.08,0.0,0.0,0.0,0.0,0.0,0.0,0.0,0.0,0.0,0.0,0.0,0.0,30.31,0.0,0.0,0.0,209.73999999999998,0.0,0.0,162.39,47.349999999999994,103.7,73.42,0.0,0.0,0.0,0.0,0.0,0.0
2019-11-08,jet,33.57,0.0,33.57,0.0,0.0,0.0,0.0,0.0,0.0,0.0,0.0,0.0,0.0,0.0,0.0,30.93,0.0,0.0,0.0,151.59,0.0,0.0,106.75,44.84,89.77,26.09,0.0,0.0,0.0,0.0,0.0,0.0
2019-11-15,jet,59.010000000000005,14.73,44.28,0.0,0.0,0.0,0.0,0.0,0.0,0.0,0.0,0.0,0.0,0.0,0.0,6.14,0.0,0.0,0.0,208.84,7.97,50.37,104.57,45.93000000000001,66.27,16.06,0.0,0.0,0.0,0.0,0.0,0.0
2019-11-22,jet,47.07,45.21,1.8599999999999994,0.0,0.0,0.0,0.0,0.0,0.0,0.0,0.0,0.0,0.0,0.0,0.0,84.46,0.0,0.0,0.0,156.62,0.0,0.0,125.04,31.58,105.26,0.0,0.0,0.0,0.0,0.0,0.0,0.0
2019-11-29,jet,44.95,0.0,44.95,40.13,0.0,0.0,0.0,0.0,0.0,0.0,0.0,0.0,0.0,0.0,0.0,53.95,0.0,0.0,0.0,254.01999999999998,0.0,100.44999999999999,107.23,46.33999999999999,49.35,26.1,0.0,0.0,0.0,0.0,0.0,0.0
2019-12-06,jet,46.95,0.0,46.95,0.0,0.0,0.0,0.0,0.0,0.0,0.0,0.0,0.0,0.0,0.0,0.0,81.89,0.0,0.0,0.0,255.23000000000002,0.0,0.0,154.13,101.10000000000002,228.9,0.0,0.0,0.0,0.0,0.0,0.0,0.0
2019-12-13,jet,75.08,0.0,75.08,0.0,0.0,0.0,0.0,0.0,0.0,0.0,0.0,0.0,0.0,0.0,0.0,49.18,0.0,0.0,0.0,182.16,0.0,0.0,136.43,45.72999999999999,68.01,0.0,0.0,0.0,0.0,0.0,0.0,0.0
2019-12-20,jet,41.11,41.11,0.0,0.0,0.0,0.0,0.0,0.0,0.0,0.0,0.0,0.0,0.0,0.0,0.0,70.69,0.0,0.0,0.0,251.07,0.0,0.0,217.01,34.06,71.32,0.0,0.0,0.0,0.0,0.0,0.0,0.0
2019-12-27,jet,64.0,19.29,44.71,0.0,0.0,0.0,0.0,0.0,0.0,0.0,0.0,0.0,0.0,0.0,0.0,31.79,0.0,0.0,0.0,214.57,0.0,67.56,102.48,44.52999999999999,168.35,56.55,0.0,0.0,0.0,0.0,0.0,0.0
2020-01-03,jet,72.07,12.86,59.209999999999994,0.0,0.0,0.0,0.0,0.0,0.0,0.0,0.0,0.0,0.0,0.0,0.0,5.34,0.0,0.0,0.0,177.37,0.0,0.0,135.21,42.16,46.62,39.85,0.0,0.0,0.0,0.0,0.0,0.0
2020-01-10,jet,23.5,0.0,23.5,0.0,0.0,0.0,0.0,0.0,0.0,0.0,0.0,0.0,0.0,0.0,0.0,41.07,0.0,0.0,0.0,274.47,0.0,40.42,186.4,47.650000000000006,44.84,8.45,0.0,0.0,0.0,0.0,0.0,0.0
2020-01-17,jet,104.10999999999999,9.29,94.82,0.0,0.0,0.0,0.0,0.0,0.0,0.0,0.0,0.0,0.0,0.0,0.0,97.18,0.0,0.0,0.0,134.17,0.0,0.0,134.17,0.0,94.97,84.16,0.0,0.0,0.0,0.0,0.0,0.0
2020-01-24,jet,31.08,31.08,0.0,0.0,0.0,0.0,0.0,0.0,0.0,0.0,0.0,0.0,0.0,0.0,0.0,77.03,0.0,0.0,0.0,171.74,0.0,0.0,87.01,84.73,85.66,0.0,0.0,0.0,0.0,0.0,0.0,0.0
2020-01-31,jet,0.0,0.0,0.0,0.0,0.0,0.0,0.0,0.0,0.0,0.0,0.0,0.0,0.0,0.0,0.0,36.27,0.0,0.0,0.0,230.3,0.0,46.77,140.87,42.66,63.19,15.79,0.0,0.0,0.0,0.0,0.0,0.0
2020-02-07,jet,0.0,0.0,0.0,0.0,0.0,0.0,0.0,0.0,0.0,0.0,0.0,0.0,0.0,0.0,0.0,47.23,0.0,0.0,0.0,191.01999999999998,0.0,90.72999999999999,100.29,0.0,89.03,20.2,0.0,0.0,0.0,0.0,0.0,0.0
2020-02-14,jet,40.68,40.68,0.0,0.0,0.0,0.0,0.0,0.0,0.0,0.0,0.0,0.0,0.0,0.0,0.0,9.28,0.0,0.0,0.0,178.43,0.0,48.12,130.31,0.0,87.4,46.36,0.0,0.0,0.0,0.0,0.0,0.0
2020-02-21,jet,0.0,0.0,0.0,0.0,0.0,0.0,0.0,0.0,0.0,0.0,0.0,0.0,0.0,0.0,0.0,42.45,0.0,0.0,0.0,148.82999999999998,0.0,0.0,116.49,32.33999999999999,109.17,0.0,0.0,0.0,0.0,0.0,0.0,0.0
2020-02-28,jet,81.42,24.28,57.14,0.0,0.0,0.0,0.0,0.0,0.0,0.0,0.0,0.0,0.0,0.0,0.0,41.07,0.0,0.0,0.0,191.5,0.0,0.0,185.66,5.840000000000003,89.31,0.0,0.0,0.0,0.0,0.0,0.0,0.0
2020-03-06,jet,67.12,0.0,67.12,0.0,0.0,0.0,0.0,0.0,0.0,0.0,0.0,0.0,0.0,0.0,0.0,9.28,0.0,0.0,0.0,258.11,0.0,46.92,119.45,91.74,106.62,22.95,0.0,0.0,0.0,0.0,0.0,0.0
2020-03-13,jet,17.86,17.86,0.0,0.0,0.0,0.0,0.0,0.0,0.0,0.0,0.0,0.0,0.0,0.0,0.0,33.19,0.0,0.0,0.0,113.82,0.0,0.0,113.82,0.0,136.15,37.26,0.0,0.0,0.0,0.0,0.0,0.0
2020-03-20,jet,12.86,12.86,0.0,0.0,0.0,0.0,0.0,0.0,0.0,0.0,0.0,0.0,0.0,0.0,0.0,9.28,0.0,0.0,0.0,178.1,0.0,0.0,178.1,0.0,108.64,0.0,0.0,0.0,0.0,0.0,0.0,0.0
2020-03-27,jet,0.0,0.0,0.0,0.0,0.0,0.0,0.0,0.0,0.0,0.0,0.0,0.0,0.0,0.0,0.0,55.37,0.0,0.0,0.0,174.95999999999998,0.0,50.2,122.03,2.7299999999999756,40.14,0.0,0.0,0.0,0.0,0.0,0.0,0.0
2020-04-03,jet,66.14,45.43,20.71,0.0,0.0,0.0,0.0,0.0,0.0,0.0,0.0,0.0,0.0,0.0,0.0,9.28,0.0,0.0,0.0,167.71,0.0,80.84,84.2,2.6700000000000017,219.83,0.0,0.0,0.0,0.0,0.0,0.0,0.0
2020-04-10,jet,92.25,0.0,92.25,0.0,0.0,0.0,0.0,0.0,0.0,0.0,0.0,0.0,0.0,0.0,0.0,9.28,0.0,0.0,0.0,63.790000000000006,0.0,44.31,19.48,3.552713678800501e-15,61.35,19.7,0.0,0.0,0.0,0.0,0.0,0.0
2020-04-17,jet,0.0,0.0,0.0,0.0,0.0,0.0,0.0,0.0,0.0,0.0,0.0,0.0,0.0,0.0,0.0,2.79,0.0,0.0,0.0,63.27,0.0,47.1,16.17,0.0,94.54,0.0,0.0,0.0,0.0,0.0,0.0,0.0
2020-04-24,jet,29.62,0.0,29.62,0.0,0.0,0.0,0.0,0.0,0.0,0.0,0.0,0.0,0.0,0.0,0.0,9.28,0.0,0.0,0.0,57.379999999999995,0.0,47.65,9.73,0.0,89.07,5.45,0.0,0.0,0.0,0.0,0.0,0.0
2020-05-01,jet,77.08,0.0,77.08,0.0,0.0,0.0,0.0,0.0,0.0,0.0,0.0,0.0,0.0,0.0,0.0,5.86,0.0,0.0,0.0,70.48,0.0,0.0,30.13,40.35000000000001,44.95,0.0,0.0,0.0,0.0,0.0,0.0,0.0
2020-05-08,jet,67.35,0.0,67.35,0.0,0.0,0.0,0.0,0.0,0.0,0.0,0.0,0.0,0.0,0.0,0.0,0.0,0.0,0.0,0.0,12.27,0.0,0.0,12.27,0.0,44.67,0.0,0.0,0.0,0.0,0.0,0.0,0.0
2020-05-15,jet,61.41,0.0,61.41,0.0,0.0,0.0,0.0,0.0,0.0,0.0,0.0,0.0,0.0,0.0,0.0,9.75,0.0,0.0,0.0,0.0,0.0,0.0,0.0,0.0,83.56,0.0,0.0,0.0,0.0,0.0,0.0,0.0
2020-05-22,jet,69.74000000000001,27.14,42.60000000000001,0.0,0.0,0.0,0.0,0.0,0.0,0.0,0.0,0.0,0.0,0.0,0.0,0.0,0.0,0.0,0.0,11.69,0.0,0.0,11.69,0.0,79.4,0.0,0.0,0.0,0.0,0.0,0.0,0.0
2020-05-29,jet,29.93,29.93,0.0,0.0,0.0,0.0,0.0,0.0,0.0,0.0,0.0,0.0,0.0,0.0,0.0,6.42,0.0,0.0,0.0,22.58,0.0,0.0,0.0,22.58,44.23,0.0,0.0,0.0,0.0,0.0,0.0,0.0
2020-06-05,jet,0.0,0.0,0.0,15.72,0.0,0.0,0.0,0.0,0.0,0.0,0.0,0.0,0.0,0.0,0.0,9.71,0.0,0.0,0.0,91.49000000000001,0.0,47.02,25.12,19.350000000000005,0.0,0.0,0.0,0.0,0.0,0.0,0.0,0.0
2020-06-12,jet,5.67,0.0,5.67,0.0,0.0,0.0,0.0,0.0,0.0,0.0,0.0,0.0,0.0,0.0,0.0,9.71,0.0,0.0,0.0,47.56,0.0,47.56,0.0,0.0,92.52,0.0,0.0,0.0,0.0,0.0,0.0,0.0
2020-06-19,jet,183.31,11.43,171.88,0.0,0.0,0.0,0.0,0.0,0.0,0.0,0.0,0.0,0.0,0.0,0.0,9.71,0.0,0.0,0.0,60.4,0.0,0.0,24.54,35.86,127.47,0.0,0.0,0.0,0.0,0.0,0.0,0.0
2020-06-26,jet,100.56,6.43,94.13,0.0,0.0,0.0,0.0,0.0,0.0,0.0,0.0,0.0,0.0,0.0,0.0,9.71,0.0,0.0,0.0,14.41,0.0,0.0,14.41,0.0,138.01,0.0,0.0,0.0,0.0,0.0,0.0,0.0
2020-07-03,jet,96.69,0.0,96.69,0.0,0.0,0.0,0.0,0.0,0.0,0.0,0.0,0.0,0.0,0.0,0.0,0.0,0.0,0.0,0.0,26.04,0.0,0.0,26.04,0.0,44.3,0.0,0.0,0.0,0.0,0.0,0.0,0.0
2020-07-10,jet,67.39,0.0,67.39,0.0,0.0,0.0,0.0,0.0,0.0,0.0,0.0,0.0,0.0,0.0,0.0,9.71,0.0,0.0,0.0,51.44,0.0,0.0,51.44,0.0,123.08,0.0,0.0,0.0,0.0,0.0,0.0,0.0
2020-07-17,jet,17.86,17.86,0.0,0.0,0.0,0.0,0.0,0.0,0.0,0.0,0.0,0.0,0.0,0.0,0.0,56.04,0.0,0.0,0.0,107.05999999999999,0.0,0.0,17.99,89.07,134.94,0.0,0.0,0.0,0.0,0.0,0.0,0.0
2020-07-24,jet,6.43,6.43,0.0,0.0,0.0,0.0,0.0,0.0,0.0,0.0,0.0,0.0,0.0,0.0,0.0,9.71,0.0,0.0,0.0,2.16,0.0,0.0,2.16,0.0,180.7,0.0,0.0,0.0,0.0,0.0,0.0,0.0
2020-07-31,jet,84.23,12.36,71.87,0.0,0.0,0.0,0.0,0.0,0.0,0.0,0.0,0.0,0.0,0.0,0.0,9.71,0.0,0.0,0.0,61.46,0.0,0.0,61.46,0.0,89.19,0.0,0.0,0.0,0.0,0.0,0.0,0.0
2020-08-07,jet,43.79,0.0,43.79,0.0,0.0,0.0,0.0,0.0,0.0,0.0,0.0,0.0,0.0,0.0,0.0,0.0,0.0,0.0,0.0,47.45,0.0,0.0,3.17,44.28,182.58,0.0,0.0,0.0,0.0,0.0,0.0,0.0
2020-08-14,jet,77.9,6.43,71.47,0.0,0.0,0.0,0.0,0.0,0.0,0.0,0.0,0.0,0.0,0.0,0.0,9.27,0.0,0.0,0.0,48.87,0.0,0.0,48.87,0.0,132.08,0.0,0.0,0.0,0.0,0.0,0.0,0.0
2020-08-21,jet,0.0,0.0,0.0,0.0,0.0,0.0,0.0,0.0,0.0,0.0,0.0,0.0,0.0,0.0,0.0,53.03,0.0,0.0,0.0,123.24000000000001,0.0,0.0,83.92,39.32000000000001,247.62,18.84,0.0,0.0,0.0,0.0,0.0,0.0
2020-08-28,jet,154.89,0.0,154.89,0.0,0.0,0.0,0.0,0.0,0.0,0.0,0.0,0.0,0.0,0.0,0.0,0.0,0.0,0.0,0.0,78.0,0.0,0.0,78.0,0.0,66.56,0.0,0.0,0.0,0.0,0.0,0.0,0.0
2020-09-04,jet,61.82,19.29,42.53,0.0,0.0,0.0,0.0,0.0,0.0,0.0,0.0,0.0,0.0,0.0,0.0,29.31,0.0,0.0,0.0,30.83,0.0,0.0,6.45,24.38,43.76,0.0,0.0,0.0,0.0,0.0,0.0,0.0
2020-09-11,jet,53.38,0.0,53.38,0.0,0.0,0.0,0.0,0.0,0.0,0.0,0.0,0.0,0.0,0.0,0.0,0.0,0.0,0.0,0.0,73.35,0.0,47.37,25.98,0.0,118.02,0.0,0.0,0.0,0.0,0.0,0.0,0.0
2020-09-18,jet,142.73,12.86,129.87,0.0,0.0,0.0,0.0,0.0,0.0,0.0,0.0,0.0,0.0,0.0,0.0,19.46,0.0,0.0,0.0,62.669999999999995,0.0,0.0,57.41,5.259999999999998,88.66,0.0,0.0,0.0,0.0,0.0,0.0,0.0
2020-09-25,jet,68.77,0.0,68.77,0.0,0.0,0.0,0.0,0.0,0.0,0.0,0.0,0.0,0.0,0.0,0.0,0.0,0.0,0.0,0.0,37.23,0.0,0.0,37.23,0.0,82.77,0.0,0.0,0.0,0.0,0.0,0.0,0.0
2020-10-02,jet,40.13,6.43,33.7,0.0,0.0,0.0,0.0,0.0,0.0,0.0,0.0,0.0,0.0,0.0,0.0,56.08,0.0,0.0,0.0,23.02,0.0,0.0,23.02,0.0,47.99,19.06,0.0,0.0,0.0,0.0,0.0,0.0
2020-10-09,jet,105.78,11.29,94.49000000000001,0.0,0.0,0.0,0.0,0.0,0.0,0.0,0.0,0.0,0.0,0.0,0.0,9.75,0.0,0.0,0.0,76.7,0.0,0.0,76.7,0.0,160.19,0.0,0.0,0.0,0.0,0.0,0.0,0.0
2020-10-16,jet,148.07,11.0,137.07,0.0,0.0,0.0,0.0,0.0,0.0,0.0,0.0,0.0,0.0,0.0,0.0,46.33,0.0,0.0,0.0,51.29,0.0,25.31,25.98,0.0,87.04,0.0,0.0,0.0,0.0,0.0,0.0,0.0
2020-10-23,jet,56.35,12.29,44.06,0.0,0.0,0.0,0.0,0.0,0.0,0.0,0.0,0.0,0.0,0.0,0.0,16.48,0.0,0.0,0.0,81.05,0.0,0.0,59.11,21.939999999999998,90.67,0.0,0.0,0.0,0.0,0.0,0.0,0.0
2020-10-30,jet,72.53,0.0,72.53,0.0,0.0,0.0,0.0,0.0,0.0,0.0,0.0,0.0,0.0,0.0,0.0,0.0,0.0,0.0,0.0,10.68,0.0,0.0,10.68,0.0,123.94,14.44,0.0,0.0,0.0,0.0,0.0,0.0
2020-11-06,jet,69.32,6.43,62.88999999999999,0.0,0.0,0.0,0.0,0.0,0.0,0.0,0.0,0.0,0.0,0.0,0.0,6.73,0.0,0.0,0.0,21.95,0.0,0.0,21.95,0.0,90.03,10.14,0.0,0.0,0.0,0.0,0.0,0.0
2020-11-13,jet,0.0,0.0,0.0,0.0,0.0,0.0,0.0,0.0,0.0,0.0,0.0,0.0,0.0,0.0,0.0,21.28,0.0,0.0,0.0,113.54,0.0,0.0,113.54,0.0,44.97,19.47,0.0,0.0,0.0,0.0,0.0,0.0
2020-11-20,jet,68.86999999999999,6.45,62.41999999999999,0.0,0.0,0.0,0.0,0.0,0.0,0.0,0.0,0.0,0.0,0.0,0.0,10.02,0.0,0.0,0.0,30.43,0.0,0.0,30.43,0.0,139.92,0.0,0.0,0.0,0.0,0.0,0.0,0.0
2020-11-27,jet,83.16,25.71,57.449999999999996,0.0,0.0,0.0,0.0,0.0,0.0,0.0,0.0,0.0,0.0,0.0,0.0,0.0,0.0,0.0,0.0,84.27,0.0,0.0,84.27,0.0,90.44,0.0,0.0,0.0,0.0,0.0,0.0,0.0
2020-12-04,jet,9.45,6.1,3.3499999999999996,0.0,0.0,0.0,0.0,0.0,0.0,0.0,0.0,0.0,0.0,0.0,0.0,20.81,0.0,0.0,0.0,179.16,0.0,46.23,132.93,0.0,121.71,17.27,0.0,0.0,0.0,0.0,0.0,0.0
2020-12-11,jet,66.51,6.76,59.75000000000001,0.0,0.0,0.0,0.0,0.0,0.0,0.0,0.0,0.0,0.0,0.0,0.0,16.67,0.0,0.0,0.0,82.29,0.0,0.0,82.29,0.0,38.78,0.0,0.0,0.0,0.0,0.0,0.0,0.0
2020-12-18,jet,14.3,0.0,14.3,0.0,0.0,0.0,0.0,0.0,0.0,0.0,0.0,0.0,0.0,0.0,0.0,103.04,0.0,0.0,0.0,108.28999999999999,0.0,0.0,59.04,49.24999999999999,130.9,0.0,0.0,0.0,0.0,0.0,0.0,0.0
2020-12-25,jet,12.86,12.86,0.0,0.0,0.0,0.0,0.0,0.0,0.0,0.0,0.0,0.0,0.0,0.0,0.0,6.73,0.0,0.0,0.0,47.8,0.0,0.0,47.8,0.0,177.6,13.73,0.0,0.0,0.0,0.0,0.0,0.0
2021-01-01,jet,82.03999999999999,5.45,76.58999999999999,0.0,0.0,0.0,0.0,0.0,0.0,0.0,0.0,0.0,0.0,0.0,0.0,37.96,0.0,0.0,0.0,136.82,0.0,0.0,136.82,0.0,75.04,12.99,0.0,0.0,0.0,0.0,0.0,0.0
2021-01-08,jet,18.29,18.29,0.0,0.0,0.0,0.0,0.0,0.0,0.0,0.0,0.0,0.0,0.0,0.0,0.0,9.75,0.0,0.0,0.0,33.78,0.0,0.0,33.78,0.0,29.5,0.0,0.0,0.0,0.0,0.0,0.0,0.0
2021-01-15,jet,80.53999999999999,0.0,80.53999999999999,0.0,0.0,0.0,0.0,0.0,0.0,0.0,0.0,0.0,0.0,0.0,0.0,17.36,0.0,0.0,0.0,59.07,0.0,0.0,43.65,15.420000000000002,71.81,18.76,0.0,0.0,0.0,0.0,0.0,0.0
2021-01-22,jet,59.82,12.86,46.96,0.0,0.0,0.0,0.0,0.0,0.0,0.0,0.0,0.0,0.0,0.0,0.0,56.08,0.0,0.0,0.0,48.09,0.0,0.0,48.09,0.0,224.91,12.95,0.0,0.0,0.0,0.0,0.0,0.0
2021-01-29,jet,19.29,19.29,0.0,0.0,0.0,0.0,0.0,0.0,0.0,0.0,0.0,0.0,0.0,0.0,0.0,9.75,0.0,0.0,0.0,186.04,0.0,47.46,91.69,46.889999999999986,45.71,0.0,0.0,0.0,0.0,0.0,0.0,0.0
2021-02-05,jet,17.169999999999998,3.57,13.599999999999998,0.0,0.0,0.0,0.0,0.0,0.0,0.0,0.0,0.0,0.0,0.0,0.0,9.75,0.0,0.0,0.0,114.82,0.0,0.0,114.82,0.0,0.0,0.0,0.0,0.0,0.0,0.0,0.0,0.0
2021-02-12,jet,9.29,9.29,0.0,0.0,0.0,0.0,0.0,0.0,0.0,0.0,0.0,0.0,0.0,0.0,0.0,9.75,0.0,0.0,0.0,59.93,0.0,0.0,59.93,0.0,41.72,12.99,0.0,0.0,0.0,0.0,0.0,0.0
2021-02-19,jet,50.78,12.86,37.92,0.0,0.0,0.0,0.0,0.0,0.0,0.0,0.0,0.0,0.0,0.0,0.0,9.75,0.0,0.0,0.0,0.43,0.0,0.0,0.43,0.0,186.48,0.0,0.0,0.0,0.0,0.0,0.0,0.0
2021-02-26,jet,54.57,12.86,41.71,0.0,0.0,0.0,0.0,0.0,0.0,0.0,0.0,0.0,0.0,0.0,0.0,9.75,0.0,0.0,0.0,56.22,0.0,0.0,43.39,12.829999999999998,89.86,7.25,0.0,0.0,0.0,0.0,0.0,0.0
2021-03-05,jet,0.0,0.0,0.0,0.0,0.0,0.0,0.0,0.0,0.0,0.0,0.0,0.0,0.0,0.0,0.0,9.24,0.0,0.0,0.0,22.79,0.0,0.0,22.79,0.0,44.92,0.0,0.0,0.0,0.0,0.0,0.0,0.0
2021-03-12,jet,72.47,13.86,58.61,0.0,0.0,0.0,0.0,0.0,0.0,0.0,0.0,0.0,0.0,0.0,0.0,21.25,0.0,0.0,0.0,58.76,0.0,0.0,58.76,0.0,0.0,0.0,0.0,0.0,0.0,0.0,0.0,0.0
2021-03-19,jet,48.55,0.0,48.55,0.0,0.0,0.0,0.0,0.0,0.0,0.0,0.0,0.0,0.0,0.0,0.0,55.56,0.0,0.0,0.0,24.72,0.0,0.0,24.72,0.0,0.0,0.0,0.0,0.0,0.0,0.0,0.0,0.0
2021-03-26,jet,57.129999999999995,14.05,43.08,0.0,0.0,0.0,0.0,0.0,0.0,0.0,0.0,0.0,0.0,0.0,0.0,0.0,0.0,0.0,0.0,21.67,0.0,0.0,21.67,0.0,177.9,0.0,0.0,0.0,0.0,0.0,0.0,0.0
2021-04-02,jet,38.85,3.18,35.67,0.0,0.0,0.0,0.0,0.0,0.0,0.0,0.0,0.0,0.0,0.0,0.0,9.24,0.0,0.0,0.0,57.39,0.0,0.0,57.39,0.0,116.82,17.39,0.0,0.0,0.0,0.0,0.0,0.0
2021-04-09,jet,15.8,0.0,15.8,0.0,0.0,0.0,0.0,0.0,0.0,0.0,0.0,0.0,0.0,0.0,0.0,9.24,0.0,0.0,0.0,35.31,0.0,0.0,35.31,0.0,2.98,26.85,0.0,0.0,0.0,0.0,0.0,0.0
2021-04-16,jet,41.48,0.0,41.48,0.0,0.0,0.0,0.0,0.0,0.0,0.0,0.0,0.0,0.0,0.0,0.0,57.29,0.0,0.0,0.0,40.39,0.0,17.13,23.26,0.0,86.54,0.0,0.0,0.0,0.0,0.0,0.0,0.0
2021-04-23,jet,130.41,46.98,83.43,0.0,0.0,0.0,0.0,0.0,0.0,0.0,0.0,0.0,0.0,0.0,0.0,25.61,0.0,0.0,0.0,91.58000000000001,0.0,0.0,85.29,6.290000000000006,275.59,25.43,0.0,0.0,0.0,0.0,0.0,0.0
2021-04-30,jet,102.78999999999999,8.07,94.72,0.0,0.0,0.0,0.0,0.0,0.0,0.0,0.0,0.0,0.0,0.0,0.0,0.0,0.0,0.0,16.25,58.45,0.0,0.0,58.45,0.0,49.35,17.44,0.0,0.0,0.0,0.0,0.0,0.0
2021-05-07,jet,87.03999999999999,5.0,82.03999999999999,0.0,0.0,0.0,0.0,0.0,0.0,0.0,0.0,0.0,0.0,0.0,0.0,9.24,0.0,0.0,0.0,89.29,0.0,0.0,89.29,0.0,121.36,0.0,0.0,0.0,0.0,0.0,0.0,0.0
2021-05-14,jet,77.38,0.0,77.38,0.0,0.0,0.0,0.0,0.0,0.0,0.0,0.0,0.0,0.0,0.0,0.0,64.8,0.0,0.0,12.7,86.67,0.0,47.56,39.11,0.0,89.96,0.0,0.0,0.0,0.0,0.0,0.0,0.0
2021-05-21,jet,83.16,0.0,83.16,0.0,0.0,0.0,0.0,0.0,0.0,0.0,0.0,0.0,0.0,0.0,0.0,23.04,0.0,0.0,0.0,61.34,0.0,0.0,47.74,13.600000000000001,217.37,14.33,0.0,0.0,0.0,0.0,0.0,0.0
2021-05-28,jet,98.49,6.43,92.06,0.0,0.0,0.0,0.0,0.0,0.0,0.0,0.0,0.0,0.0,0.0,0.0,9.24,0.0,0.0,0.0,76.12,0.0,0.0,76.12,0.0,122.33,0.0,0.0,0.0,0.0,0.0,0.0,0.0
2021-06-04,jet,197.78,0.0,197.78,0.0,0.0,0.0,0.0,0.0,0.0,0.0,0.0,0.0,0.0,0.0,0.0,9.24,0.0,0.0,0.0,36.47,0.0,0.0,36.47,0.0,31.89,7.22,0.0,0.0,0.0,0.0,0.0,0.0
2021-06-11,jet,276.46,12.74,263.71999999999997,0.0,0.0,0.0,0.0,0.0,0.0,0.0,0.0,0.0,0.0,0.0,0.0,9.24,0.0,0.0,0.0,68.03,0.0,0.0,50.18,17.85,127.64,15.47,0.0,0.0,0.0,0.0,0.0,0.0
2021-06-18,jet,19.29,19.29,0.0,0.0,0.0,0.0,0.0,0.0,0.0,0.0,0.0,0.0,0.0,0.0,0.0,9.24,0.0,0.0,0.0,102.34,0.0,0.0,100.64,1.7000000000000028,177.45,0.0,0.0,0.0,0.0,0.0,0.0,0.0
2021-06-25,jet,119.47,4.57,114.9,0.0,0.0,0.0,0.0,0.0,0.0,0.0,0.0,0.0,0.0,0.0,0.0,9.24,0.0,0.0,0.0,28.85,0.0,0.0,28.85,0.0,46.17,14.52,0.0,0.0,0.0,0.0,0.0,0.0
2021-07-02,jet,126.83000000000001,12.86,113.97000000000001,0.0,0.0,0.0,0.0,0.0,0.0,0.0,0.0,0.0,0.0,0.0,0.0,9.24,0.0,0.0,0.0,36.41,0.0,0.0,36.41,0.0,0.0,31.94,0.0,0.0,0.0,0.0,0.0,0.0
2021-07-09,jet,12.86,12.86,0.0,0.0,0.0,0.0,0.0,0.0,0.0,0.0,0.0,0.0,0.0,0.0,0.0,18.47,0.0,0.0,0.0,116.94,0.0,0.0,116.94,0.0,91.09,20.99,0.0,0.0,0.0,0.0,0.0,0.0
2021-07-16,jet,134.27,4.29,129.98000000000002,0.0,0.0,0.0,0.0,0.0,0.0,0.0,0.0,0.0,0.0,0.0,0.0,9.24,0.0,0.0,0.0,87.16,0.0,0.0,87.16,0.0,148.58,24.67,0.0,0.0,0.0,0.0,0.0,0.0
2021-07-23,jet,106.83000000000001,12.86,93.97000000000001,0.0,0.0,0.0,0.0,0.0,0.0,0.0,0.0,0.0,0.0,0.0,0.0,9.24,0.0,0.0,0.0,168.92,0.0,0.0,160.72,8.199999999999989,123.09,8.44,0.0,0.0,0.0,0.0,0.0,0.0
2021-07-30,jet,39.91,19.28,20.629999999999995,0.0,0.0,0.0,0.0,0.0,0.0,0.0,0.0,0.0,0.0,0.0,0.0,9.24,0.0,0.0,0.0,43.84,0.0,0.0,43.84,0.0,74.45,0.0,0.0,0.0,0.0,0.0,0.0,0.0
2021-08-06,jet,36.85,14.28,22.57,6.57,0.0,0.0,0.0,0.0,0.0,0.0,0.0,0.0,0.0,0.0,0.0,9.24,0.0,0.0,0.0,128.07,0.0,0.0,128.07,0.0,44.55,8.66,0.0,0.0,0.0,0.0,0.0,0.0
2021-08-13,jet,116.44,5.25,111.19,0.0,0.0,0.0,0.0,0.0,0.0,0.0,0.0,0.0,0.0,0.0,0.0,9.24,0.0,0.0,0.0,135.74,0.0,21.81,113.93,0.0,269.38,20.02,0.0,0.0,0.0,0.0,0.0,0.0
2021-08-20,jet,123.00999999999999,6.43,116.57999999999998,0.0,0.0,0.0,0.0,0.0,0.0,0.0,0.0,0.0,0.0,0.0,0.0,9.24,0.0,0.0,0.0,162.79000000000002,0.0,5.58,118.16,39.05000000000001,154.59,16.38,0.0,0.0,0.0,0.0,0.0,0.0
2021-08-27,jet,95.77000000000001,6.43,89.34,0.0,0.0,0.0,0.0,0.0,0.0,0.0,0.0,0.0,0.0,0.0,0.0,9.24,0.0,0.0,0.0,231.85,0.0,0.0,217.41,14.439999999999998,166.16,0.0,0.0,0.0,0.0,0.0,0.0,0.0
2021-09-03,jet,110.00999999999999,6.43,103.57999999999998,0.0,0.0,0.0,0.0,0.0,0.0,0.0,0.0,0.0,0.0,0.0,0.0,55.56,0.0,0.0,0.0,82.38,0.0,0.0,82.38,0.0,137.71,0.0,0.0,0.0,0.0,0.0,0.0,0.0
2021-09-10,jet,83.71000000000001,0.0,83.71000000000001,46.74,0.0,0.0,0.0,0.0,0.0,0.0,0.0,0.0,0.0,0.0,0.0,9.24,0.0,0.0,0.0,112.64,0.0,0.0,112.64,0.0,229.43,0.0,0.0,0.0,0.0,0.0,0.0,0.0
2021-09-17,jet,111.57000000000001,0.0,111.57000000000001,0.0,0.0,0.0,0.0,0.0,0.0,0.0,0.0,0.0,0.0,0.0,0.0,10.39,0.0,0.0,0.0,32.93,0.0,0.0,32.93,0.0,238.9,21.56,0.0,0.0,0.0,0.0,0.0,0.0
2021-09-24,jet,134.94,6.43,128.51,0.0,0.0,0.0,0.0,0.0,0.0,0.0,0.0,0.0,0.0,0.0,0.0,9.24,0.0,0.0,0.0,106.3,0.0,35.45,60.21,10.639999999999993,134.51,0.0,0.0,0.0,0.0,0.0,0.0,0.0
2021-10-01,jet,168.02,0.0,168.02,0.0,0.0,0.0,0.0,0.0,0.0,0.0,0.0,0.0,0.0,0.0,0.0,9.24,0.0,0.0,0.0,109.87,0.0,43.31,66.56,0.0,135.25,0.0,0.0,0.0,0.0,0.0,0.0,0.0
2021-10-08,jet,187.78,6.43,181.35,0.0,0.0,0.0,0.0,0.0,0.0,0.0,0.0,0.0,0.0,0.0,0.0,54.47,0.0,0.0,0.0,63.51,0.0,0.0,63.51,0.0,25.63,0.0,0.0,0.0,0.0,0.0,0.0,0.0
2021-10-15,jet,146.66000000000003,0.0,146.66000000000003,0.0,0.0,0.0,0.0,0.0,0.0,0.0,0.0,0.0,0.0,0.0,0.0,64.14,0.0,0.0,0.0,130.8,0.0,43.31,87.49,1.4210854715202004e-14,149.13,7.34,0.0,0.0,0.0,0.0,0.0,0.0
2021-10-22,jet,115.36999999999999,0.0,115.36999999999999,0.0,0.0,0.0,0.0,0.0,0.0,0.0,0.0,0.0,0.0,0.0,0.0,18.85,0.0,0.0,0.0,51.19,0.0,0.0,49.22,1.9699999999999989,148.97,14.32,0.0,0.0,0.0,0.0,0.0,0.0
2021-10-29,jet,167.44,0.0,167.44,0.0,0.0,0.0,0.0,0.0,0.0,0.0,0.0,0.0,0.0,0.0,0.0,9.24,0.0,0.0,0.0,117.38000000000001,0.0,0.0,77.68,39.7,167.42,0.0,0.0,0.0,0.0,0.0,0.0,0.0
2021-11-05,jet,10.71,0.0,10.71,0.0,0.0,0.0,0.0,0.0,0.0,0.0,0.0,0.0,0.0,0.0,0.0,15.23,0.0,0.0,0.0,160.70000000000002,0.0,0.0,141.83,18.870000000000005,24.67,30.15,0.0,0.0,0.0,0.0,0.0,0.0
2021-11-12,jet,50.85,6.43,44.42,11.21,0.0,0.0,0.0,0.0,0.0,0.0,0.0,0.0,0.0,0.0,0.0,9.24,0.0,0.0,0.0,123.28,0.0,0.0,123.2,0.0799999999999983,247.58,0.0,0.0,0.0,0.0,0.0,0.0,0.0
2021-11-19,jet,117.46,0.0,117.46,0.0,0.0,0.0,0.0,0.0,0.0,0.0,0.0,0.0,0.0,0.0,0.0,9.24,0.0,0.0,0.0,111.69,0.0,14.8,90.18,6.709999999999994,53.05,33.17,0.0,0.0,0.0,0.0,0.0,0.0
2021-11-26,jet,26.46,6.09,20.37,0.0,0.0,0.0,0.0,0.0,0.0,0.0,0.0,0.0,0.0,0.0,0.0,9.24,0.0,0.0,0.0,152.67000000000002,0.0,47.7,104.51,0.46000000000000796,95.23,0.0,0.0,0.0,0.0,0.0,0.0,0.0
2021-12-03,jet,37.019999999999996,14.29,22.729999999999997,0.0,0.0,0.0,0.0,0.0,0.0,0.0,0.0,0.0,0.0,0.0,0.0,9.24,0.0,0.0,0.0,169.05,0.0,0.0,169.05,0.0,117.0,11.99,0.0,0.0,0.0,0.0,0.0,0.0
2021-12-10,jet,201.47,19.29,182.18,0.0,0.0,0.0,0.0,0.0,0.0,0.0,0.0,0.0,0.0,0.0,0.0,0.0,0.0,0.0,0.0,91.4,0.0,0.0,91.4,0.0,22.5,28.54,0.0,0.0,0.0,0.0,0.0,0.0
2021-12-17,jet,70.0,12.86,57.14,0.0,0.0,0.0,0.0,0.0,0.0,0.0,0.0,0.0,0.0,0.0,0.0,15.92,0.0,0.0,0.0,213.96,0.0,0.0,213.96,0.0,80.75,14.54,0.0,0.0,0.0,0.0,0.0,0.0
2021-12-24,jet,98.06,6.43,91.63,0.0,0.0,0.0,0.0,0.0,0.0,0.0,0.0,0.0,0.0,0.0,0.0,5.89,0.0,0.0,0.0,204.41,0.0,41.43,162.98,0.0,101.66,11.11,0.0,0.0,0.0,0.0,0.0,0.0
2021-12-31,jet,69.43,12.43,57.00000000000001,0.0,0.0,0.0,0.0,0.0,0.0,0.0,0.0,0.0,0.0,0.0,0.0,5.61,0.0,0.0,0.0,177.21,0.0,0.0,177.21,0.0,42.01,0.0,0.0,0.0,0.0,0.0,0.0,0.0
2022-01-07,jet,13.18,13.18,0.0,0.0,0.0,0.0,0.0,0.0,0.0,0.0,0.0,0.0,0.0,0.0,0.0,5.61,0.0,0.0,0.0,107.81,0.0,0.0,75.04,32.769999999999996,72.89,0.0,0.0,0.0,0.0,0.0,0.0,0.0
2022-01-14,jet,0.0,0.0,0.0,0.0,0.0,0.0,0.0,0.0,0.0,0.0,0.0,0.0,0.0,0.0,0.0,59.04,0.0,0.0,0.0,202.09,0.0,0.0,202.09,0.0,132.85,11.65,0.0,0.0,0.0,0.0,0.0,0.0
2022-01-21,jet,216.9,0.0,216.9,0.0,0.0,0.0,0.0,0.0,0.0,0.0,0.0,0.0,0.0,0.0,0.0,9.7,0.0,0.0,0.0,178.78,0.0,0.0,176.25,2.530000000000001,192.08,0.0,0.0,0.0,0.0,0.0,0.0,0.0
2022-01-28,jet,33.66,4.53,29.129999999999995,0.0,0.0,0.0,0.0,0.0,0.0,0.0,0.0,0.0,0.0,0.0,0.0,6.42,0.0,0.0,0.0,143.56,0.0,0.0,76.19,67.37,76.88,24.28,0.0,0.0,0.0,0.0,0.0,0.0
2022-02-04,jet,30.43,0.0,30.43,0.0,0.0,0.0,0.0,0.0,0.0,0.0,0.0,0.0,0.0,0.0,0.0,6.7,0.0,0.0,0.0,211.33,0.0,46.72,164.61,0.0,90.43,0.0,0.0,0.0,0.0,0.0,0.0,0.0
2022-02-11,jet,6.43,6.43,0.0,0.0,0.0,0.0,0.0,0.0,0.0,0.0,0.0,0.0,0.0,0.0,0.0,6.42,0.0,0.0,0.0,149.54,0.0,0.0,149.54,0.0,43.91,0.0,0.0,0.0,0.0,0.0,0.0,0.0
2022-02-18,jet,39.0,0.0,39.0,0.0,0.0,0.0,0.0,0.0,0.0,0.0,0.0,0.0,0.0,0.0,0.0,6.14,0.0,0.0,0.0,59.83,0.0,0.0,14.43,45.4,0.0,0.0,0.0,0.0,0.0,0.0,0.0,0.0
2022-02-25,jet,79.96000000000001,0.0,79.96000000000001,0.0,0.0,0.0,0.0,0.0,0.0,0.0,0.0,0.0,0.0,0.0,0.0,9.71,0.0,0.0,0.0,126.36999999999999,0.0,0.0,122.57,3.799999999999997,184.95,16.53,0.0,0.0,0.0,0.0,0.0,0.0
2022-03-04,jet,160.56,6.43,154.13,0.0,0.0,0.0,0.0,0.0,0.0,0.0,0.0,0.0,0.0,0.0,0.0,6.42,0.0,0.0,0.0,188.34,0.0,0.0,139.11,49.22999999999999,87.99,15.69,0.0,0.0,0.0,0.0,0.0,0.0
2022-03-11,jet,7.14,0.0,7.14,0.0,0.0,0.0,0.0,0.0,0.0,0.0,0.0,0.0,0.0,0.0,0.0,19.41,0.0,0.0,0.0,232.39,0.0,0.0,232.39,0.0,98.77,14.37,0.0,0.0,0.0,0.0,0.0,0.0
2022-03-18,jet,98.12,18.95,79.17,0.0,0.0,0.0,0.0,0.0,0.0,0.0,0.0,0.0,0.0,0.0,0.0,9.7,0.0,0.0,0.0,23.52,0.0,0.0,23.52,0.0,43.26,0.0,0.0,0.0,0.0,0.0,0.0,0.0
2022-03-25,jet,28.07,10.0,18.07,0.0,0.0,0.0,0.0,0.0,0.0,0.0,0.0,0.0,0.0,0.0,0.0,9.7,0.0,0.0,0.0,150.09,0.0,0.0,150.09,0.0,175.73,0.0,0.0,0.0,0.0,0.0,0.0,0.0
2022-04-01,jet,12.86,12.86,0.0,0.0,0.0,0.0,0.0,0.0,0.0,0.0,0.0,0.0,0.0,0.0,0.0,9.7,0.0,0.0,0.0,142.38,0.0,0.0,142.38,0.0,19.64,0.0,0.0,0.0,0.0,0.0,0.0,0.0
2022-04-08,jet,12.57,12.57,0.0,0.0,0.0,0.0,0.0,0.0,0.0,0.0,0.0,0.0,0.0,0.0,0.0,20.79,0.0,0.0,0.0,65.94,0.0,0.0,65.94,0.0,74.77,21.47,0.0,0.0,0.0,0.0,0.0,0.0
2022-04-15,jet,21.72,10.29,11.43,0.0,0.0,0.0,0.0,0.0,0.0,0.0,0.0,0.0,0.0,0.0,0.0,9.71,0.0,0.0,0.0,231.06,0.0,46.13,184.93,0.0,136.93,0.0,0.0,0.0,0.0,0.0,0.0,0.0
2022-04-22,jet,113.08999999999999,0.0,113.08999999999999,0.0,0.0,0.0,0.0,0.0,0.0,0.0,0.0,0.0,0.0,0.0,0.0,46.19,0.0,0.0,0.0,171.24,0.0,0.0,171.24,0.0,103.64,0.0,0.0,0.0,0.0,0.0,0.0,0.0
2022-04-29,jet,99.22,12.86,86.36,0.0,0.0,0.0,0.0,0.0,0.0,0.0,0.0,0.0,0.0,0.0,0.0,20.33,0.0,0.0,0.0,172.64,0.0,0.0,172.64,0.0,130.8,0.0,0.0,0.0,0.0,0.0,0.0,0.0
2022-05-06,jet,25.14,25.14,0.0,0.0,0.0,0.0,0.0,0.0,0.0,0.0,0.0,0.0,0.0,0.0,0.0,0.0,0.0,0.0,0.0,175.03,0.0,0.0,175.03,0.0,121.71,0.0,0.0,0.0,0.0,0.0,0.0,0.0
2022-05-13,jet,12.86,12.86,0.0,0.0,0.0,0.0,0.0,0.0,0.0,0.0,0.0,0.0,0.0,0.0,0.0,9.71,0.0,0.0,0.0,137.11,0.0,0.0,137.11,0.0,111.88,12.42,0.0,0.0,0.0,0.0,0.0,0.0
2022-05-20,jet,13.18,13.18,0.0,0.0,0.0,0.0,0.0,0.0,0.0,0.0,0.0,0.0,0.0,0.0,0.0,19.41,0.0,0.0,0.0,175.58,0.0,0.0,175.58,0.0,102.7,0.0,0.0,0.0,0.0,0.0,0.0,0.0
2022-05-27,jet,83.9,11.0,72.9,0.0,0.0,0.0,0.0,0.0,0.0,0.0,0.0,0.0,0.0,0.0,0.0,9.7,0.0,0.0,0.0,117.14,0.0,3.0,114.14,0.0,158.67,0.0,0.0,0.0,0.0,0.0,0.0,0.0
2022-06-03,jet,12.86,12.86,0.0,28.65,0.0,0.0,0.0,0.0,0.0,0.0,0.0,0.0,0.0,0.0,0.0,9.7,0.0,0.0,0.0,187.89,0.0,0.0,187.89,0.0,111.85,35.15,0.0,0.0,0.0,0.0,0.0,0.0
2022-06-10,jet,6.43,6.43,0.0,0.0,0.0,0.0,0.0,0.0,0.0,0.0,0.0,0.0,0.0,0.0,0.0,5.03,0.0,0.0,0.0,213.06,0.0,0.0,213.06,0.0,163.99,17.3,0.0,0.0,0.0,0.0,0.0,0.0
2022-06-17,jet,50.2,7.88,42.32,0.0,0.0,0.0,0.0,0.0,0.0,0.0,0.0,0.0,0.0,0.0,0.0,24.09,0.0,0.0,0.0,197.87,0.0,0.0,147.41,50.46000000000001,120.06,0.0,0.0,0.0,0.0,0.0,0.0,0.0
2022-06-24,jet,1.79,1.79,0.0,0.0,0.0,0.0,0.0,0.0,0.0,0.0,0.0,0.0,0.0,0.0,0.0,0.0,0.0,0.0,0.0,187.72000000000003,0.0,44.61,143.11,0.0,158.03,12.86,0.0,0.0,0.0,0.0,0.0,0.0
2022-07-01,jet,6.43,6.43,0.0,0.0,0.0,0.0,0.0,0.0,0.0,0.0,0.0,0.0,0.0,0.0,0.0,9.71,0.0,0.0,0.0,124.72,0.0,0.0,84.96,39.760000000000005,82.94,0.0,0.0,0.0,0.0,0.0,0.0,0.0
2022-07-08,jet,87.25999999999999,18.95,68.30999999999999,0.0,0.0,0.0,0.0,0.0,0.0,0.0,0.0,0.0,0.0,0.0,0.0,9.71,0.0,0.0,0.0,129.8,0.0,0.0,88.59,41.21000000000001,68.27,0.0,0.0,0.0,0.0,0.0,0.0,0.0
2022-07-15,jet,12.86,12.86,0.0,0.0,0.0,0.0,0.0,0.0,0.0,0.0,0.0,0.0,0.0,0.0,0.0,9.71,0.0,0.0,0.0,338.37,0.0,0.0,338.37,0.0,136.0,47.39,0.0,0.0,0.0,0.0,0.0,0.0
2022-07-22,jet,19.29,19.29,0.0,0.0,0.0,0.0,0.0,0.0,0.0,0.0,0.0,0.0,0.0,0.0,0.0,9.71,0.0,0.0,0.0,64.09,0.0,0.0,64.09,0.0,161.42,12.12,0.0,0.0,0.0,0.0,0.0,0.0
2022-07-29,jet,2.14,2.14,0.0,0.0,0.0,0.0,0.0,0.0,0.0,0.0,0.0,0.0,0.0,0.0,0.0,9.71,0.0,0.0,0.0,226.10000000000002,0.0,0.0,218.02,8.080000000000013,167.83,43.25,0.0,0.0,0.0,0.0,0.0,0.0
2022-08-05,jet,0.0,0.0,0.0,0.0,0.0,0.0,0.0,0.0,0.0,0.0,0.0,0.0,0.0,0.0,0.0,9.7,0.0,0.0,0.0,129.66000000000003,0.0,0.0,88.43,41.23000000000002,121.18,15.33,0.0,0.0,0.0,0.0,0.0,0.0
2022-08-12,jet,12.86,12.86,0.0,0.0,0.0,0.0,0.0,0.0,0.0,0.0,0.0,0.0,0.0,0.0,0.0,26.26,0.0,0.0,0.0,103.03,0.0,0.0,45.29,57.74,127.05,46.66,0.0,0.0,0.0,0.0,0.0,0.0
2022-08-19,jet,6.43,6.43,0.0,17.35,0.0,0.0,0.0,0.0,0.0,0.0,0.0,0.0,0.0,0.0,0.0,9.7,0.0,0.0,0.0,191.64000000000001,0.0,0.0,180.81,10.830000000000013,54.31,0.0,0.0,0.0,0.0,0.0,0.0,0.0
2022-08-26,jet,36.45,0.0,36.45,0.0,0.0,0.0,0.0,0.0,0.0,0.0,0.0,0.0,0.0,0.0,0.0,9.71,0.0,0.0,0.0,218.31,0.0,0.0,175.0,43.31,134.2,0.0,0.0,0.0,0.0,0.0,0.0,0.0
2022-09-02,jet,62.39,19.29,43.1,0.0,0.0,0.0,0.0,0.0,0.0,0.0,0.0,0.0,0.0,0.0,0.0,9.71,0.0,0.0,0.0,149.68,0.0,43.31,106.37,0.0,16.37,5.81,0.0,0.0,0.0,0.0,0.0,0.0
2022-09-09,jet,0.0,0.0,0.0,0.0,0.0,0.0,0.0,0.0,0.0,0.0,0.0,0.0,0.0,0.0,0.0,9.7,0.0,0.0,0.0,144.02,0.0,93.28,49.94,0.8000000000000114,143.52,0.0,0.0,0.0,0.0,0.0,0.0,0.0
2022-09-16,jet,40.67,6.43,34.24,0.0,0.0,0.0,0.0,0.0,0.0,0.0,0.0,0.0,0.0,0.0,0.0,9.71,0.0,0.0,0.0,166.63,0.0,46.19,100.06,20.379999999999995,65.0,0.0,0.0,0.0,0.0,0.0,0.0,0.0
2022-09-23,jet,7.86,7.86,0.0,25.26,0.0,0.0,0.0,0.0,0.0,0.0,0.0,0.0,0.0,0.0,0.0,9.71,0.0,0.0,0.0,342.42,0.0,45.69,242.32,54.410000000000025,131.46,0.0,0.0,0.0,0.0,0.0,0.0,0.0
2022-09-30,jet,6.43,6.43,0.0,0.0,0.0,0.0,0.0,0.0,0.0,0.0,0.0,0.0,0.0,0.0,0.0,0.0,0.0,0.0,0.0,145.91000000000003,0.0,0.0,135.08,10.830000000000013,46.84,0.0,0.0,0.0,0.0,0.0,0.0,0.0
2022-10-07,jet,81.29,16.12,65.17,12.18,0.0,0.0,0.0,0.0,0.0,0.0,0.0,0.0,0.0,0.0,0.0,9.71,0.0,0.0,0.0,126.29,0.0,0.0,126.29,0.0,44.86,0.0,0.0,0.0,0.0,0.0,0.0,0.0
2022-10-14,jet,47.81,12.86,34.95,0.0,0.0,0.0,0.0,0.0,0.0,0.0,0.0,0.0,0.0,0.0,0.0,19.42,0.0,0.0,0.0,145.97,0.0,0.0,96.8,49.17,46.43,0.0,0.0,0.0,0.0,0.0,0.0,0.0
2022-10-21,jet,111.46000000000001,10.0,101.46000000000001,0.0,0.0,0.0,0.0,0.0,0.0,0.0,0.0,0.0,0.0,0.0,0.0,9.71,0.0,0.0,0.0,174.43,0.0,0.0,174.43,0.0,115.44,0.0,0.0,0.0,0.0,0.0,0.0,0.0
2022-10-28,jet,93.53,0.0,93.53,0.0,0.0,0.0,0.0,0.0,0.0,0.0,0.0,0.0,0.0,0.0,0.0,9.71,0.0,0.0,0.0,65.66,0.0,0.0,65.66,0.0,165.93,12.81,0.0,0.0,0.0,0.0,0.0,0.0
2022-11-04,jet,84.39,0.0,84.39,0.0,0.0,0.0,0.0,0.0,0.0,0.0,0.0,0.0,0.0,0.0,0.0,9.71,0.0,0.0,0.0,185.36,0.0,39.55,118.25,27.560000000000002,124.89,94.16,0.0,0.0,0.0,0.0,0.0,0.0
2022-11-11,jet,184.35999999999999,0.0,184.35999999999999,0.0,0.0,0.0,0.0,0.0,0.0,0.0,0.0,0.0,0.0,0.0,0.0,19.41,0.0,0.0,0.0,117.97,0.0,0.0,117.97,0.0,165.87,0.0,0.0,0.0,0.0,0.0,0.0,0.0
2022-11-18,jet,85.36,4.57,80.78999999999999,0.0,0.0,0.0,0.0,0.0,0.0,0.0,0.0,0.0,0.0,0.0,0.0,9.71,0.0,0.0,0.0,70.44,0.0,0.0,27.13,43.31,22.96,17.51,0.0,0.0,0.0,0.0,0.0,0.0
2022-11-25,jet,6.43,6.43,0.0,20.7,0.0,0.0,0.0,0.0,0.0,0.0,0.0,0.0,0.0,0.0,0.0,19.42,0.0,0.0,0.0,207.8,0.0,92.6,115.2,1.4210854715202004e-14,129.54,71.75,0.0,0.0,0.0,0.0,0.0,0.0
2022-12-02,jet,55.71,12.74,42.97,0.0,0.0,0.0,0.0,0.0,0.0,0.0,0.0,0.0,0.0,0.0,0.0,9.71,0.0,0.0,0.0,113.63,0.0,0.0,82.59,31.039999999999992,45.16,38.07,0.0,0.0,0.0,0.0,0.0,0.0
2022-12-09,jet,55.29,4.57,50.72,0.0,0.0,0.0,0.0,0.0,0.0,0.0,0.0,0.0,0.0,0.0,0.0,0.0,0.0,0.0,0.0,182.45,0.0,0.0,157.78,24.669999999999987,87.36,15.89,0.0,0.0,0.0,0.0,0.0,0.0
2022-12-16,jet,134.44,7.15,127.28999999999999,0.0,0.0,0.0,0.0,0.0,0.0,0.0,0.0,0.0,0.0,0.0,0.0,9.71,0.0,0.0,0.0,115.8,0.0,0.0,115.8,0.0,132.25,8.76,0.0,0.0,0.0,0.0,0.0,0.0
2022-12-23,jet,55.5,10.57,44.93,0.0,0.0,0.0,0.0,0.0,0.0,0.0,0.0,0.0,0.0,0.0,0.0,6.7,0.0,0.0,0.0,150.14,0.0,0.0,128.78,21.359999999999985,106.69,36.97,0.0,0.0,0.0,0.0,0.0,0.0
2022-12-30,jet,35.91,0.0,35.91,0.0,0.0,0.0,0.0,0.0,0.0,0.0,0.0,0.0,0.0,0.0,0.0,14.26,0.0,0.0,0.0,248.75,0.0,0.0,166.42,82.33000000000001,44.89,25.06,0.0,0.0,0.0,0.0,0.0,0.0
2023-01-06,jet,39.57,11.43,28.14,0.0,0.0,0.0,0.0,0.0,0.0,0.0,0.0,0.0,0.0,0.0,0.0,9.71,0.0,0.0,0.0,163.03,0.0,0.0,120.04,42.989999999999995,47.14,0.0,0.0,0.0,0.0,0.0,0.0,0.0
2023-01-13,jet,43.7,5.43,38.27,0.0,0.0,0.0,0.0,0.0,0.0,0.0,0.0,0.0,0.0,0.0,0.0,9.71,0.0,0.0,0.0,179.74,0.0,0.0,169.12,10.620000000000005,117.82,0.0,0.0,0.0,0.0,0.0,0.0,0.0
2023-01-20,jet,14.02,6.43,7.59,0.0,0.0,0.0,0.0,0.0,0.0,0.0,0.0,0.0,0.0,0.0,0.0,9.7,0.0,0.0,0.0,115.25,0.0,0.0,115.25,0.0,139.2,15.98,0.0,0.0,0.0,0.0,0.0,0.0
2023-01-27,jet,44.37,6.43,37.94,0.0,0.0,0.0,0.0,0.0,0.0,0.0,0.0,0.0,0.0,0.0,0.0,9.71,0.0,0.0,0.0,226.79,0.0,0.0,226.79,0.0,44.86,15.74,0.0,0.0,0.0,0.0,0.0,0.0
2023-02-03,jet,165.02,0.0,165.02,0.0,0.0,0.0,0.0,0.0,0.0,0.0,0.0,0.0,0.0,0.0,0.0,55.36,0.0,0.0,0.0,151.08,0.0,45.9,58.64,46.540000000000006,89.45,31.41,0.0,0.0,0.0,0.0,0.0,0.0
2023-02-10,jet,103.32000000000001,0.0,103.32000000000001,0.0,0.0,0.0,0.0,0.0,0.0,0.0,0.0,0.0,0.0,0.0,0.0,54.95,0.0,0.0,0.0,99.9,0.0,0.0,99.9,0.0,135.86,11.62,0.0,0.0,0.0,0.0,0.0,0.0
2023-02-17,jet,184.19,12.14,172.05,0.0,0.0,0.0,0.0,0.0,0.0,0.0,0.0,0.0,0.0,0.0,0.0,19.42,0.0,0.0,0.0,116.41,0.0,0.0,116.41,0.0,55.71,14.51,0.0,0.0,0.0,0.0,0.0,0.0
2023-02-24,jet,51.12,6.43,44.69,0.0,0.0,0.0,0.0,0.0,0.0,0.0,0.0,0.0,0.0,0.0,0.0,54.95,0.0,0.0,0.0,193.76999999999998,0.0,0.0,169.95,23.819999999999993,74.65,0.0,0.0,0.0,0.0,0.0,0.0,0.0
2023-03-03,jet,45.46,0.0,45.46,0.0,0.0,0.0,0.0,0.0,0.0,0.0,0.0,0.0,0.0,0.0,0.0,9.71,0.0,0.0,0.0,62.42,0.0,0.0,62.42,0.0,363.43,24.57,0.0,0.0,0.0,0.0,0.0,0.0
2023-03-10,jet,36.34,6.43,29.910000000000004,17.82,0.0,0.0,0.0,0.0,0.0,0.0,0.0,0.0,0.0,0.0,0.0,0.0,0.0,0.0,0.0,202.9,0.0,0.0,167.3,35.599999999999994,55.64,89.53,0.0,0.0,0.0,0.0,0.0,0.0
2023-03-17,jet,88.31,0.0,88.31,0.0,0.0,0.0,0.0,0.0,0.0,0.0,0.0,0.0,0.0,0.0,0.0,64.66,0.0,0.0,0.0,130.97,0.0,0.0,130.97,0.0,121.88,0.0,0.0,0.0,0.0,0.0,0.0,0.0
2023-03-24,jet,51.78,17.43,34.35,13.43,0.0,0.0,0.0,0.0,0.0,0.0,0.0,0.0,0.0,0.0,0.0,54.96,0.0,0.0,0.0,173.6,0.0,0.0,173.6,0.0,85.86,0.0,0.0,0.0,0.0,0.0,0.0,0.0
2023-03-31,jet,57.92,0.0,57.92,0.0,0.0,0.0,0.0,0.0,0.0,0.0,0.0,0.0,0.0,0.0,0.0,9.7,0.0,0.0,0.0,91.26,0.0,0.0,83.18,8.079999999999998,99.14,0.0,0.0,0.0,0.0,0.0,0.0,0.0
2023-04-07,jet,72.83,25.35,47.48,0.0,0.0,0.0,0.0,0.0,0.0,0.0,0.0,0.0,0.0,0.0,0.0,64.66,0.0,0.0,0.0,109.86,0.0,0.0,109.86,0.0,47.14,7.22,0.0,0.0,0.0,0.0,0.0,0.0
2023-04-14,jet,172.49,0.0,172.49,0.0,0.0,0.0,0.0,0.0,0.0,0.0,0.0,0.0,0.0,0.0,0.0,55.37,0.0,0.0,0.0,112.27,0.0,0.0,112.27,0.0,198.25,0.0,0.0,0.0,0.0,0.0,0.0,0.0
2023-04-21,jet,89.53999999999999,17.43,72.10999999999999,0.0,0.0,0.0,0.0,0.0,0.0,0.0,0.0,0.0,0.0,0.0,0.0,9.71,0.0,0.0,0.0,149.1,0.0,0.0,149.1,0.0,64.08,46.39,0.0,0.0,0.0,0.0,0.0,0.0
2023-04-28,jet,97.27000000000001,10.0,87.27000000000001,0.0,0.0,0.0,0.0,0.0,0.0,0.0,0.0,0.0,0.0,0.0,0.0,9.71,0.0,0.0,0.0,103.01,0.0,0.0,95.79,7.219999999999999,85.76,13.02,0.0,0.0,0.0,0.0,0.0,0.0
2023-05-05,jet,16.86,16.86,0.0,0.0,0.0,0.0,0.0,0.0,0.0,0.0,0.0,0.0,0.0,0.0,0.0,19.42,0.0,0.0,0.0,38.95,0.0,0.0,34.74,4.210000000000001,57.36,0.0,0.0,0.0,0.0,0.0,0.0,0.0
2023-05-12,jet,165.01,19.23,145.78,0.0,0.0,0.0,0.0,0.0,0.0,0.0,0.0,0.0,0.0,0.0,0.0,9.71,0.0,0.0,0.0,106.44,0.0,0.0,74.23,32.209999999999994,123.88,0.0,0.0,0.0,0.0,0.0,0.0,0.0
2023-05-19,jet,79.36,25.71,53.65,0.0,0.0,0.0,0.0,0.0,0.0,0.0,0.0,0.0,0.0,0.0,0.0,9.71,0.0,0.0,0.0,78.35,0.0,7.0,71.35,0.0,130.09,11.14,0.0,0.0,0.0,0.0,0.0,0.0
2023-05-26,jet,76.48,7.86,68.62,0.0,0.0,0.0,0.0,0.0,0.0,0.0,0.0,0.0,0.0,0.0,0.0,65.07,0.0,0.0,0.0,99.76,0.0,46.02,53.74,0.0,127.89,0.0,0.0,0.0,0.0,0.0,0.0,0.0
2023-06-02,jet,6.43,6.43,0.0,0.0,0.0,0.0,0.0,0.0,0.0,0.0,0.0,0.0,0.0,0.0,0.0,19.27,0.0,0.0,0.0,159.07,0.0,43.31,115.76,0.0,47.07,11.69,0.0,0.0,0.0,0.0,0.0,0.0
2023-06-09,jet,0.0,0.0,0.0,63.21,0.0,0.0,0.0,0.0,0.0,0.0,0.0,0.0,0.0,0.0,0.0,55.37,0.0,0.0,0.0,163.79,0.0,0.0,114.51,49.27999999999999,101.35,0.0,0.0,0.0,0.0,0.0,0.0,0.0
2023-06-16,jet,0.0,0.0,0.0,0.0,0.0,0.0,0.0,0.0,0.0,0.0,0.0,0.0,0.0,0.0,0.0,6.7,0.0,0.0,0.0,149.28,0.0,0.0,149.28,0.0,105.94,16.56,0.0,0.0,0.0,0.0,0.0,0.0
2023-06-23,jet,48.6,6.43,42.17,0.0,0.0,0.0,0.0,0.0,0.0,0.0,0.0,0.0,0.0,0.0,0.0,0.0,0.0,0.0,0.0,158.56,0.0,0.0,142.49,16.069999999999993,159.84,0.0,0.0,0.0,0.0,0.0,0.0,0.0
2023-06-30,jet,102.88,11.0,91.88,0.0,0.0,0.0,0.0,0.0,0.0,0.0,0.0,0.0,0.0,0.0,0.0,9.71,0.0,0.0,0.0,148.87,0.0,0.0,125.9,22.97,119.43,13.58,0.0,0.0,0.0,0.0,0.0,0.0
2023-07-07,jet,69.72,21.72,48.0,0.0,0.0,0.0,0.0,0.0,0.0,0.0,0.0,0.0,0.0,0.0,0.0,9.7,0.0,0.0,0.0,197.02,0.0,0.0,120.37,76.65,35.86,0.0,0.0,0.0,0.0,0.0,0.0,0.0
2023-07-14,jet,41.32,12.75,28.57,0.0,0.0,0.0,0.0,0.0,0.0,0.0,0.0,0.0,0.0,0.0,0.0,6.7,0.0,0.0,0.0,155.84,0.0,0.0,155.84,0.0,160.76,13.48,0.0,0.0,0.0,0.0,0.0,0.0
2023-07-21,jet,42.91,42.91,0.0,27.22,0.0,0.0,0.0,0.0,0.0,0.0,0.0,0.0,0.0,0.0,0.0,54.95,0.0,0.0,0.0,85.75,0.0,0.0,85.75,0.0,86.36,0.0,0.0,0.0,0.0,0.0,0.0,0.0
2023-07-28,jet,12.86,12.86,0.0,0.0,0.0,0.0,0.0,0.0,0.0,0.0,0.0,0.0,0.0,0.0,0.0,9.7,0.0,0.0,0.0,164.04,0.0,0.0,108.17,55.86999999999999,105.74,0.0,0.0,0.0,0.0,0.0,0.0,0.0
2023-08-04,jet,84.67999999999999,12.86,71.82,17.97,0.0,0.0,0.0,0.0,0.0,0.0,0.0,0.0,0.0,0.0,0.0,100.61,0.0,0.0,0.0,99.24000000000001,0.0,46.13,53.11,7.105427357601002e-15,97.84,38.67,0.0,0.0,0.0,0.0,0.0,0.0
2023-08-11,jet,11.57,11.57,0.0,0.0,0.0,0.0,0.0,0.0,0.0,0.0,0.0,0.0,0.0,0.0,0.0,9.7,0.0,0.0,0.0,195.55,0.0,0.0,166.88,28.670000000000016,67.71,20.01,0.0,0.0,0.0,0.0,0.0,0.0
2023-08-18,jet,14.81,6.43,8.38,0.0,0.0,0.0,0.0,0.0,0.0,0.0,0.0,0.0,0.0,0.0,0.0,54.95,0.0,0.0,0.0,99.25,0.0,0.0,99.25,0.0,105.39,0.0,0.0,0.0,0.0,0.0,0.0,0.0
2023-08-25,jet,12.86,12.86,0.0,0.0,0.0,0.0,0.0,0.0,0.0,0.0,0.0,0.0,0.0,0.0,0.0,0.0,0.0,0.0,0.0,226.56,0.0,0.0,182.85,43.71000000000001,43.0,23.95,0.0,0.0,0.0,0.0,0.0,0.0
2023-09-01,jet,53.53,12.86,40.67,0.0,0.0,0.0,0.0,0.0,0.0,0.0,0.0,0.0,0.0,0.0,0.0,61.65,0.0,0.0,0.0,129.29,0.0,0.0,103.36,25.929999999999993,134.49,0.0,0.0,0.0,0.0,0.0,0.0,0.0
2023-09-08,jet,28.0,0.0,28.0,0.0,0.0,0.0,0.0,0.0,0.0,0.0,0.0,0.0,0.0,0.0,0.0,0.0,0.0,0.0,0.0,56.86,0.0,0.0,56.86,0.0,121.1,28.54,0.0,0.0,0.0,0.0,0.0,0.0
2023-09-15,jet,83.72,11.86,71.86,0.0,0.0,0.0,0.0,0.0,0.0,0.0,0.0,0.0,0.0,0.0,0.0,45.25,0.0,0.0,1.71,65.19,0.0,0.0,65.19,0.0,54.88,25.55,0.0,0.0,0.0,0.0,0.0,0.0
2023-09-22,jet,111.76,0.0,111.76,0.0,0.0,0.0,0.0,0.0,0.0,0.0,0.0,0.0,0.0,0.0,0.0,45.25,0.0,0.0,0.0,125.46,0.0,0.0,82.6,42.86,73.5,51.95,0.0,0.0,0.0,0.0,0.0,0.0
2023-09-29,jet,124.35000000000001,6.0,118.35000000000001,12.68,0.0,0.0,0.0,0.0,0.0,0.0,0.0,0.0,0.0,0.0,0.0,0.0,0.0,0.0,0.0,191.11,0.0,46.77,107.91,36.43000000000001,90.98,23.33,0.0,0.0,0.0,0.0,0.0,0.0
2023-10-06,jet,45.95,6.43,39.52,0.0,0.0,0.0,0.0,0.0,0.0,0.0,0.0,0.0,0.0,0.0,0.0,45.25,0.0,0.0,0.0,139.21,0.0,0.0,105.17,34.040000000000006,146.94,11.43,0.0,0.0,0.0,0.0,0.0,0.0
2023-10-13,jet,40.29,0.0,40.29,0.0,0.0,0.0,0.0,0.0,0.0,0.0,0.0,0.0,0.0,0.0,0.0,0.0,0.0,0.0,0.0,120.73,0.0,0.0,88.78,31.950000000000003,152.65,38.62,0.0,0.0,0.0,0.0,0.0,0.0
2023-10-20,jet,0.0,0.0,0.0,0.0,0.0,0.0,0.0,0.0,0.0,0.0,0.0,0.0,0.0,0.0,0.0,0.0,0.0,0.0,0.0,55.72,0.0,0.0,42.86,12.86,103.65,11.43,0.0,0.0,0.0,0.0,0.0,0.0
2023-10-27,jet,0.0,0.0,0.0,0.0,0.0,0.0,0.0,0.0,0.0,0.0,0.0,0.0,0.0,0.0,0.0,0.0,0.0,0.0,0.0,221.87000000000003,0.0,0.0,163.18,58.690000000000026,117.06,0.0,0.0,0.0,0.0,0.0,0.0,0.0
2023-11-03,jet,0.0,0.0,0.0,0.0,0.0,0.0,0.0,0.0,0.0,0.0,0.0,0.0,0.0,0.0,0.0,0.0,0.0,0.0,0.0,134.99,0.0,0.0,58.92,76.07000000000001,133.17,0.0,0.0,0.0,0.0,0.0,0.0,0.0
2023-11-10,jet,15.55,0.0,15.55,0.0,0.0,0.0,0.0,0.0,0.0,0.0,0.0,0.0,0.0,0.0,0.0,0.0,0.0,0.0,0.0,151.11,0.0,0.0,70.48,80.63000000000001,45.37,28.29,0.0,0.0,0.0,0.0,0.0,0.0
2023-11-17,jet,29.23,12.86,16.37,24.12,0.0,0.0,0.0,0.0,0.0,0.0,0.0,0.0,0.0,0.0,0.0,9.7,0.0,0.0,0.0,82.26,0.0,0.0,82.26,0.0,165.22,33.17,0.0,0.0,0.0,0.0,0.0,0.0
2023-11-24,jet,45.6,12.86,32.74,0.0,0.0,0.0,0.0,0.0,0.0,0.0,0.0,0.0,0.0,0.0,0.0,52.61,0.0,0.0,0.0,179.58,0.0,0.0,178.61,0.9699999999999989,100.24,31.18,0.0,0.0,0.0,0.0,0.0,0.0
2023-12-01,jet,91.18,19.29,71.89000000000001,0.0,0.0,0.0,0.0,0.0,0.0,0.0,0.0,0.0,0.0,0.0,0.0,0.0,0.0,0.0,0.0,80.85,0.0,0.0,80.85,0.0,0.0,0.0,0.0,0.0,0.0,0.0,0.0,0.0
2023-12-08,jet,40.87,0.0,40.87,0.0,0.0,0.0,0.0,0.0,0.0,0.0,0.0,0.0,0.0,0.0,0.0,76.89,0.0,0.0,0.0,260.64,0.0,47.17,213.47,0.0,93.72,29.65,0.0,0.0,0.0,0.0,0.0,0.0
2023-12-15,jet,35.72,12.86,22.86,0.0,0.0,0.0,0.0,0.0,0.0,0.0,0.0,0.0,0.0,0.0,0.0,0.0,0.0,0.0,0.0,148.86,0.0,0.0,74.53,74.33000000000001,185.3,0.0,0.0,0.0,0.0,0.0,0.0,0.0
2023-12-22,jet,102.22,6.43,95.78999999999999,0.0,0.0,0.0,0.0,0.0,0.0,0.0,0.0,0.0,0.0,0.0,0.0,54.95,0.0,0.0,0.0,109.44,0.0,0.0,109.44,0.0,56.67,16.89,0.0,0.0,0.0,0.0,0.0,0.0
2023-12-29,jet,87.99000000000001,19.29,68.70000000000002,0.0,0.0,0.0,0.0,0.0,0.0,0.0,0.0,0.0,0.0,0.0,0.0,9.7,0.0,0.0,0.0,214.57999999999998,0.0,86.71,127.87,0.0,100.7,14.29,0.0,0.0,0.0,0.0,0.0,0.0
2024-01-05,jet,117.31,0.0,117.31,0.0,0.0,0.0,0.0,0.0,0.0,0.0,0.0,0.0,0.0,0.0,0.0,31.23,0.0,0.0,0.0,281.2,0.0,92.29,138.9,50.00999999999996,42.21,36.03,0.0,0.0,0.0,0.0,0.0,0.0
2024-01-12,jet,8.57,8.57,0.0,0.0,0.0,0.0,0.0,0.0,0.0,0.0,0.0,0.0,0.0,0.0,0.0,0.0,0.0,0.0,0.0,178.15,0.0,0.0,178.15,0.0,128.05,0.0,0.0,0.0,0.0,0.0,0.0,0.0
2024-01-19,jet,12.55,12.55,0.0,0.0,0.0,0.0,0.0,0.0,0.0,0.0,0.0,0.0,0.0,0.0,0.0,9.7,0.0,0.0,0.0,128.9,0.0,0.0,93.19,35.71000000000001,113.77,51.19,0.0,0.0,0.0,0.0,0.0,0.0
2024-01-26,jet,12.14,12.14,0.0,0.0,0.0,0.0,0.0,0.0,0.0,0.0,0.0,0.0,0.0,0.0,0.0,3.21,0.0,0.0,0.0,140.43,0.0,31.43,92.0,17.0,89.83,21.86,0.0,0.0,0.0,0.0,0.0,0.0
2024-02-02,jet,113.92,0.0,113.92,0.0,0.0,0.0,0.0,0.0,0.0,0.0,0.0,0.0,0.0,0.0,0.0,0.0,0.0,0.0,0.0,269.57,0.0,0.0,233.86,35.70999999999998,106.4,20.03,0.0,0.0,0.0,0.0,0.0,0.0
2024-02-09,jet,49.43,0.0,49.43,0.0,0.0,0.0,0.0,0.0,0.0,0.0,0.0,0.0,0.0,0.0,0.0,3.21,0.0,0.0,0.0,90.14,0.0,0.0,47.28,42.86,44.96,0.0,0.0,0.0,0.0,0.0,0.0,0.0
2024-02-16,jet,16.0,16.0,0.0,0.0,0.0,0.0,0.0,0.0,0.0,0.0,0.0,0.0,0.0,0.0,0.0,0.0,0.0,0.0,0.0,265.18,0.0,91.24000000000001,153.94,20.0,136.61,0.0,0.0,0.0,0.0,0.0,0.0,0.0
2024-02-23,jet,0.0,0.0,0.0,21.43,0.0,0.0,0.0,0.0,0.0,0.0,0.0,0.0,0.0,0.0,0.0,55.93,0.0,0.0,0.0,152.69,0.0,0.0,109.83,42.86,147.81,16.61,0.0,0.0,0.0,0.0,0.0,0.0
2024-03-01,jet,11.43,11.43,0.0,0.0,0.0,0.0,0.0,0.0,0.0,0.0,0.0,0.0,0.0,0.0,0.0,9.6,0.0,0.0,0.0,175.35000000000002,0.0,0.0,138.3,37.05000000000001,44.88,17.13,0.0,0.0,0.0,0.0,0.0,0.0
2024-03-08,jet,87.34,7.86,79.48,0.0,0.0,0.0,0.0,0.0,0.0,0.0,0.0,0.0,0.0,0.0,0.0,9.6,0.0,0.0,0.0,101.62,0.0,0.0,101.62,0.0,144.86,37.83,0.0,0.0,0.0,0.0,0.0,0.0
2024-03-15,jet,66.58,6.43,60.15,0.0,0.0,0.0,0.0,0.0,0.0,0.0,0.0,0.0,0.0,0.0,0.0,0.0,0.0,0.0,0.0,231.36,0.0,0.0,188.47,42.890000000000015,42.06,15.47,0.0,0.0,0.0,0.0,0.0,0.0
2024-03-22,jet,22.86,22.86,0.0,0.0,0.0,0.0,0.0,0.0,0.0,0.0,0.0,0.0,0.0,0.0,0.0,0.0,0.0,0.0,0.0,90.87,0.0,0.0,90.87,0.0,293.66,0.0,0.0,0.0,0.0,0.0,0.0,0.0
2024-03-29,jet,6.43,6.43,0.0,0.0,0.0,0.0,0.0,0.0,0.0,0.0,0.0,0.0,0.0,0.0,0.0,23.35,0.0,0.0,0.0,156.64,0.0,0.0,113.78,42.859999999999985,67.82,11.43,0.0,0.0,0.0,0.0,0.0,0.0
2024-04-05,jet,51.08,16.43,34.65,0.0,0.0,0.0,0.0,0.0,0.0,0.0,0.0,0.0,0.0,0.0,0.0,9.6,0.0,0.0,0.0,148.69,0.0,0.0,112.98,35.709999999999994,150.68,23.58,0.0,0.0,0.0,0.0,0.0,0.0
2024-04-12,jet,8.86,8.86,0.0,0.0,0.0,0.0,0.0,0.0,0.0,0.0,0.0,0.0,0.0,0.0,0.0,0.0,0.0,0.0,0.0,135.35,0.0,0.0,135.35,0.0,77.58,0.0,0.0,0.0,0.0,0.0,0.0,0.0
2024-04-19,jet,0.0,0.0,0.0,0.0,0.0,0.0,0.0,0.0,0.0,0.0,0.0,0.0,0.0,0.0,0.0,0.0,0.0,0.0,0.0,167.35000000000002,0.0,0.0,130.21,37.140000000000015,128.34,10.01,0.0,0.0,0.0,0.0,0.0,0.0
2024-04-26,jet,22.19,0.0,22.19,0.0,0.0,0.0,0.0,0.0,0.0,0.0,0.0,0.0,0.0,0.0,0.0,4.78,0.0,0.0,0.0,67.15,0.0,0.0,67.15,0.0,116.76,8.31,0.0,0.0,0.0,0.0,0.0,0.0
2024-05-03,jet,171.25,4.57,166.68,0.0,0.0,0.0,0.0,0.0,0.0,0.0,0.0,0.0,0.0,0.0,0.0,0.0,0.0,0.0,0.0,179.67000000000002,0.0,46.02,125.53,8.120000000000005,114.11,14.32,0.0,0.0,0.0,0.0,0.0,0.0
2024-05-10,jet,80.74000000000001,6.43,74.31,12.85,0.0,0.0,0.0,0.0,0.0,0.0,0.0,0.0,0.0,0.0,0.0,0.0,0.0,0.0,0.0,169.31,0.0,0.0,167.02,2.289999999999992,46.65,17.77,0.0,0.0,0.0,0.0,0.0,0.0
2024-05-17,jet,75.48,0.0,75.48,0.0,0.0,0.0,0.0,0.0,0.0,0.0,0.0,0.0,0.0,0.0,0.0,0.0,0.0,0.0,0.0,143.9,0.0,33.53,110.37,0.0,218.87,22.92,0.0,0.0,0.0,0.0,0.0,0.0
2024-05-24,jet,41.86,17.86,24.0,0.0,0.0,0.0,0.0,0.0,0.0,0.0,0.0,0.0,0.0,0.0,0.0,9.56,0.0,0.0,0.0,176.01999999999998,0.0,0.0,113.16,62.859999999999985,134.12,12.27,0.0,0.0,0.0,0.0,0.0,0.0
2024-05-31,jet,10.5,10.5,0.0,0.0,0.0,0.0,0.0,0.0,0.0,0.0,0.0,0.0,0.0,0.0,0.0,6.6,0.0,0.0,0.0,121.49,0.0,0.0,121.49,0.0,67.46,14.29,0.0,0.0,0.0,0.0,0.0,0.0
2024-06-07,jet,16.86,16.86,0.0,0.0,0.0,0.0,0.0,0.0,0.0,0.0,0.0,0.0,0.0,0.0,0.0,9.22,0.0,0.0,0.0,193.52999999999997,0.0,0.0,150.98,42.54999999999998,59.98,16.92,0.0,0.0,0.0,0.0,0.0,0.0
2024-06-14,jet,0.0,0.0,0.0,0.0,0.0,0.0,0.0,0.0,0.0,0.0,0.0,0.0,0.0,0.0,0.0,9.24,0.0,0.0,0.0,233.15,0.0,0.0,233.15,0.0,44.93,24.48,0.0,0.0,0.0,0.0,0.0,0.0
2024-06-21,jet,115.14000000000001,0.0,115.14000000000001,44.97,0.0,0.0,0.0,0.0,0.0,0.0,0.0,0.0,0.0,0.0,0.0,6.38,0.0,0.0,0.0,55.95,0.0,0.0,55.95,0.0,255.91,33.86,0.0,0.0,0.0,0.0,0.0,0.0
2024-06-28,jet,49.09,0.0,49.09,0.0,0.0,0.0,0.0,0.0,0.0,0.0,0.0,0.0,0.0,0.0,0.0,45.66,0.0,0.0,0.0,175.52,0.0,0.0,175.52,0.0,87.08,14.3,0.0,0.0,0.0,0.0,0.0,0.0
2024-07-05,jet,43.43,0.0,43.43,12.34,0.0,0.0,0.0,0.0,0.0,0.0,0.0,0.0,0.0,0.0,0.0,0.0,0.0,0.0,0.0,196.82000000000002,0.0,0.0,184.11,12.710000000000008,59.77,49.91,0.0,0.0,0.0,0.0,0.0,0.0
2024-07-12,jet,12.13,0.0,12.13,0.0,0.0,0.0,0.0,0.0,0.0,0.0,0.0,0.0,0.0,0.0,0.0,6.6,0.0,0.0,0.0,141.86,0.0,46.71,95.15,0.0,181.84,30.79,0.0,0.0,0.0,0.0,0.0,0.0
2024-07-19,jet,18.79,18.79,0.0,0.0,0.0,0.0,0.0,0.0,0.0,0.0,0.0,0.0,0.0,0.0,0.0,0.0,0.0,0.0,0.0,198.58,0.0,8.9,189.68,0.0,199.6,14.29,0.0,0.0,0.0,0.0,0.0,0.0
2024-07-26,jet,69.11,11.43,57.68,42.46,0.0,0.0,0.0,0.0,0.0,0.0,0.0,0.0,0.0,0.0,0.0,28.6,0.0,0.0,0.0,89.16,0.0,0.0,60.88,28.279999999999994,87.56,13.96,0.0,0.0,0.0,0.0,0.0,0.0
2024-08-02,jet,0.0,0.0,0.0,0.0,0.0,0.0,0.0,0.0,0.0,0.0,0.0,0.0,0.0,0.0,0.0,21.29,0.0,0.0,0.0,195.09,0.0,0.0,153.8,41.28999999999999,46.68,26.35,0.0,0.0,0.0,0.0,0.0,0.0
2024-08-09,jet,56.42,20.71,35.71,0.0,0.0,0.0,0.0,0.0,0.0,0.0,0.0,0.0,0.0,0.0,0.0,0.0,0.0,0.0,0.0,117.48,0.0,0.0,117.48,0.0,96.0,13.44,0.0,0.0,0.0,0.0,0.0,0.0
2024-08-16,jet,54.28,12.86,41.42,0.0,0.0,0.0,0.0,0.0,0.0,0.0,0.0,0.0,0.0,0.0,0.0,0.0,0.0,0.0,0.0,194.97,0.0,15.71,123.69,55.56999999999999,232.53,36.97,0.0,0.0,0.0,0.0,0.0,0.0
2024-08-23,jet,0.0,0.0,0.0,0.0,0.0,0.0,0.0,0.0,0.0,0.0,0.0,0.0,0.0,0.0,0.0,9.56,0.0,0.0,0.0,145.85,0.0,73.71,72.14,0.0,96.66,31.16,0.0,0.0,0.0,0.0,0.0,0.0
2024-08-30,jet,17.43,17.43,0.0,0.0,0.0,0.0,0.0,0.0,0.0,0.0,0.0,0.0,0.0,0.0,0.0,9.56,0.0,0.0,0.0,265.70000000000005,18.97,53.769999999999996,95.28,97.68000000000004,158.22,0.0,0.0,0.0,0.0,0.0,0.0,0.0
2024-09-06,jet,12.13,12.13,0.0,21.75,0.0,0.0,0.0,0.0,0.0,0.0,0.0,0.0,0.0,0.0,0.0,30.06,0.0,0.0,0.0,142.38,0.0,0.0,142.38,0.0,130.17,17.16,0.0,0.0,0.0,0.0,0.0,0.0
2024-09-13,jet,5.43,5.43,0.0,0.0,0.0,0.0,0.0,0.0,0.0,0.0,0.0,0.0,0.0,0.0,0.0,9.6,0.0,0.0,0.0,282.94,0.0,92.39,190.55,0.0,106.36,0.0,0.0,0.0,0.0,0.0,0.0,0.0
2024-09-20,jet,0.0,0.0,0.0,0.0,0.0,0.0,0.0,0.0,0.0,0.0,0.0,0.0,0.0,0.0,0.0,9.6,0.0,0.0,0.0,239.14999999999998,0.0,47.82,178.47,12.859999999999985,72.48,0.0,0.0,0.0,0.0,0.0,0.0,0.0
2024-09-27,jet,0.0,0.0,0.0,36.1,0.0,0.0,0.0,0.0,0.0,0.0,0.0,0.0,0.0,0.0,0.0,30.34,0.0,0.0,0.0,8.41,0.0,0.0,8.41,0.0,72.85,21.45,0.0,0.0,0.0,0.0,0.0,0.0
2024-10-04,jet,0.0,0.0,0.0,0.0,0.0,0.0,0.0,0.0,0.0,0.0,0.0,0.0,0.0,0.0,0.0,30.71,0.0,0.0,0.0,125.1,0.0,0.0,125.1,0.0,105.07,0.0,0.0,0.0,0.0,0.0,0.0,0.0
2024-10-11,jet,0.0,0.0,0.0,0.0,0.0,0.0,0.0,0.0,0.0,0.0,0.0,0.0,0.0,0.0,0.0,44.89,0.0,0.0,0.0,223.93999999999997,0.0,92.49000000000001,131.45,0.0,231.15,0.0,0.0,0.0,0.0,0.0,0.0,0.0
2024-10-18,jet,0.0,0.0,0.0,0.0,0.0,0.0,0.0,0.0,0.0,0.0,0.0,0.0,0.0,0.0,0.0,45.25,0.0,0.0,0.0,185.31,0.0,0.0,148.17,37.140000000000015,91.56,0.0,0.0,0.0,0.0,0.0,0.0,0.0
2024-10-25,jet,6.43,6.43,0.0,0.0,0.0,0.0,0.0,0.0,0.0,0.0,0.0,0.0,0.0,0.0,0.0,52.46,0.0,0.0,0.0,184.92000000000002,11.74,0.0,96.29,76.89,89.86,0.0,0.0,0.0,0.0,0.0,0.0,0.0
2024-11-01,jet,0.0,0.0,0.0,0.0,0.0,0.0,0.0,0.0,0.0,0.0,0.0,0.0,0.0,0.0,0.0,18.84,0.0,0.0,0.0,160.56,0.0,0.0,111.62,48.94,119.11,0.0,0.0,0.0,0.0,0.0,0.0,0.0
2024-11-08,jet,0.0,0.0,0.0,0.0,0.0,0.0,0.0,0.0,0.0,0.0,0.0,0.0,0.0,0.0,0.0,54.85,0.0,0.0,0.0,234.98000000000002,0.0,65.61,121.39,47.980000000000004,52.64,47.38,0.0,0.0,0.0,0.0,0.0,0.0
2024-11-15,jet,64.43,18.57,45.86000000000001,0.0,0.0,0.0,0.0,0.0,0.0,0.0,0.0,0.0,0.0,0.0,0.0,45.25,0.0,0.0,0.0,56.53,0.0,0.0,56.53,0.0,61.48,0.0,0.0,0.0,0.0,0.0,0.0,0.0
2024-11-22,jet,0.0,0.0,0.0,0.0,0.0,0.0,0.0,0.0,0.0,0.0,0.0,0.0,0.0,0.0,0.0,14.38,0.0,0.0,0.0,252.56,0.0,0.0,215.99,36.56999999999999,162.22,0.0,0.0,0.0,0.0,0.0,0.0,0.0
2024-11-29,jet,34.29,12.86,21.43,18.92,0.0,0.0,0.0,0.0,0.0,0.0,0.0,0.0,0.0,0.0,0.0,107.17,0.0,0.0,0.0,48.55,0.0,0.0,48.55,0.0,49.15,21.43,0.0,0.0,0.0,0.0,0.0,0.0
2024-12-06,jet,35.63,12.92,22.71,0.0,0.0,0.0,0.0,0.0,0.0,0.0,0.0,0.0,0.0,0.0,0.0,92.31,0.0,0.0,0.0,272.8,0.0,91.12,141.83,39.849999999999994,225.17,0.0,0.0,0.0,0.0,0.0,0.0,0.0
2024-12-13,jet,0.0,0.0,0.0,22.66,0.0,0.0,0.0,0.0,0.0,0.0,0.0,0.0,0.0,0.0,0.0,54.81,0.0,0.0,0.0,259.09999999999997,0.0,0.0,187.26,71.83999999999997,96.93,25.65,0.0,0.0,0.0,0.0,0.0,0.0
2024-12-20,jet,22.56,21.43,1.129999999999999,0.0,0.0,0.0,0.0,0.0,0.0,0.0,0.0,0.0,0.0,0.0,0.0,9.71,0.0,0.0,0.0,120.84,0.0,0.0,120.84,0.0,65.59,0.0,0.0,0.0,0.0,0.0,0.0,0.0
2024-12-27,jet,0.0,0.0,0.0,0.0,0.0,0.0,0.0,0.0,0.0,0.0,0.0,0.0,0.0,0.0,0.0,9.71,0.0,0.0,0.0,136.51,0.0,0.0,99.37,37.139999999999986,44.98,0.0,0.0,0.0,0.0,0.0,0.0,0.0
2025-01-03,jet,21.69,20.0,1.6900000000000013,0.0,0.0,0.0,0.0,0.0,0.0,0.0,0.0,0.0,0.0,0.0,0.0,0.0,0.0,0.0,0.0,199.88,0.0,22.14,177.74,0.0,130.43,74.28,0.0,0.0,0.0,0.0,0.0,0.0
2025-01-10,jet,0.0,0.0,0.0,0.0,0.0,0.0,0.0,0.0,0.0,0.0,0.0,0.0,0.0,0.0,0.0,19.42,0.0,0.0,0.0,122.25999999999999,0.0,0.0,86.55,35.709999999999994,201.83,0.0,0.0,0.0,0.0,0.0,0.0,0.0
2025-01-17,jet,99.19,12.86,86.33,0.0,0.0,0.0,0.0,0.0,0.0,0.0,0.0,0.0,0.0,0.0,0.0,0.0,0.0,0.0,0.0,103.52,0.0,0.0,103.52,0.0,60.7,14.17,0.0,0.0,0.0,0.0,0.0,0.0
2025-01-24,jet,57.87,12.86,45.01,0.0,0.0,0.0,0.0,0.0,0.0,0.0,0.0,0.0,0.0,0.0,0.0,9.71,0.0,0.0,0.0,129.78,0.0,0.0,85.67,44.11,0.0,11.43,0.0,0.0,0.0,0.0,0.0,0.0
2025-01-31,jet,55.87,12.86,43.01,0.0,0.0,0.0,0.0,0.0,0.0,0.0,0.0,0.0,0.0,0.0,0.0,9.71,0.0,0.0,0.0,132.37,0.0,0.0,110.94,21.430000000000007,162.94,0.0,0.0,0.0,0.0,0.0,0.0,0.0
2025-02-07,jet,39.29,12.86,26.43,0.0,0.0,0.0,0.0,0.0,0.0,0.0,0.0,0.0,0.0,0.0,0.0,9.71,0.0,0.0,4.29,145.84,0.0,0.0,110.13,35.71000000000001,106.13,42.86,0.0,0.0,0.0,0.0,0.0,0.0
2025-02-14,jet,115.96000000000001,0.0,115.96000000000001,0.0,0.0,0.0,0.0,0.0,0.0,0.0,0.0,0.0,0.0,0.0,0.0,9.7,0.0,0.0,0.0,119.72,0.0,0.0,42.29,77.43,53.48,24.29,0.0,0.0,0.0,0.0,0.0,0.0
2025-02-21,jet,79.3,10.71,68.59,0.0,0.0,0.0,0.0,0.0,0.0,0.0,0.0,0.0,0.0,0.0,0.0,9.56,0.0,0.0,8.57,143.96,0.0,0.0,143.96,0.0,142.63,13.28,0.0,0.0,0.0,0.0,0.0,0.0
2025-02-28,jet,18.71,12.86,5.850000000000001,0.0,0.0,0.0,0.0,0.0,0.0,0.0,0.0,0.0,0.0,0.0,0.0,0.0,0.0,0.0,0.0,136.51999999999998,0.0,0.0,101.61,34.90999999999998,130.75,22.14,0.0,0.0,0.0,0.0,0.0,0.0
2025-03-07,jet,62.239999999999995,18.59,43.64999999999999,0.0,0.0,0.0,0.0,0.0,0.0,0.0,0.0,0.0,0.0,0.0,0.0,66.31,0.0,0.0,0.0,181.29000000000002,0.0,0.0,145.15,36.140000000000015,105.1,0.0,0.0,0.0,0.0,0.0,0.0,0.0
2025-03-14,jet,190.93,26.0,164.93,0.0,0.0,0.0,0.0,0.0,0.0,0.0,0.0,0.0,0.0,0.0,0.0,40.25,0.0,0.0,0.0,190.24,0.0,0.0,146.75,43.49000000000001,72.98,0.0,0.0,0.0,0.0,0.0,0.0,0.0
2025-03-21,jet,88.2,6.43,81.77000000000001,0.0,0.0,0.0,0.0,0.0,0.0,0.0,0.0,0.0,0.0,0.0,0.0,67.69,0.0,0.0,0.0,146.31,0.0,0.0,111.02,35.290000000000006,125.92,0.0,0.0,0.0,0.0,0.0,0.0,0.0
2025-03-28,jet,46.74,28.17,18.57,0.0,0.0,0.0,0.0,0.0,0.0,0.0,0.0,0.0,0.0,0.0,0.0,19.27,0.0,0.0,0.0,115.56,0.0,0.0,115.56,0.0,161.66,14.29,0.0,0.0,0.0,0.0,0.0,0.0
2025-04-04,jet,40.15,15.72,24.43,0.0,0.0,0.0,0.0,0.0,0.0,0.0,0.0,0.0,0.0,0.0,0.0,0.0,0.0,0.0,0.0,222.24,0.0,91.43,87.95,42.86,57.75,12.86,0.0,0.0,0.0,0.0,0.0,0.0
2025-04-11,jet,12.63,12.63,0.0,0.0,0.0,0.0,0.0,0.0,0.0,0.0,0.0,0.0,0.0,0.0,0.0,54.85,0.0,0.0,0.0,243.84,0.0,0.0,125.05,118.79,120.3,0.0,0.0,0.0,0.0,0.0,0.0,0.0
2025-04-18,jet,75.28,12.86,62.42,0.0,0.0,0.0,0.0,0.0,0.0,0.0,0.0,0.0,0.0,0.0,0.0,54.96,0.0,0.0,0.0,145.23,0.0,0.0,145.23,0.0,148.27,0.0,0.0,0.0,0.0,0.0,0.0,0.0
2025-04-25,jet,58.55,19.28,39.269999999999996,0.0,0.0,0.0,0.0,0.0,0.0,0.0,0.0,0.0,0.0,0.0,0.0,9.71,0.0,0.0,0.0,82.2,0.0,0.0,82.2,0.0,194.7,0.0,0.0,0.0,0.0,0.0,0.0,0.0
2025-05-02,jet,37.36,10.93,26.43,0.0,0.0,0.0,0.0,0.0,0.0,0.0,0.0,0.0,0.0,0.0,0.0,45.25,0.0,0.0,0.0,74.81,0.0,0.0,74.81,0.0,132.86,42.0,0.0,0.0,0.0,0.0,0.0,0.0
2025-05-09,jet,19.29,19.29,0.0,0.0,0.0,0.0,0.0,0.0,0.0,0.0,0.0,0.0,0.0,0.0,0.0,0.0,0.0,0.0,0.0,187.22,0.0,44.31,100.05,42.86,173.77,0.0,0.0,0.0,0.0,0.0,0.0,0.0
2025-05-16,jet,0.0,0.0,0.0,0.0,0.0,0.0,0.0,0.0,0.0,0.0,0.0,0.0,0.0,0.0,0.0,32.33,0.0,0.0,0.0,79.09,0.0,0.0,79.09,0.0,96.56,0.0,0.0,0.0,0.0,0.0,0.0,0.0
2025-05-23,jet,12.86,12.86,0.0,0.0,0.0,0.0,0.0,0.0,0.0,0.0,0.0,0.0,0.0,0.0,0.0,9.71,0.0,0.0,0.0,192.65,0.0,0.0,141.22,51.43000000000001,133.44,0.0,0.0,0.0,0.0,0.0,0.0,0.0
2025-05-30,jet,29.849999999999998,12.86,16.99,0.0,0.0,0.0,0.0,0.0,0.0,0.0,0.0,0.0,0.0,0.0,0.0,9.6,0.0,0.0,0.0,203.79000000000002,0.0,45.67,93.21,64.91000000000001,294.49,0.0,0.0,0.0,0.0,0.0,0.0,0.0
2025-06-06,jet,11.43,11.43,0.0,0.0,0.0,0.0,0.0,0.0,0.0,0.0,0.0,0.0,0.0,0.0,0.0,9.6,0.0,0.0,0.0,150.84,0.0,58.93,91.91,0.0,32.85,0.0,0.0,0.0,0.0,0.0,0.0,0.0
2025-06-13,jet,12.86,12.86,0.0,0.0,0.0,0.0,0.0,0.0,0.0,0.0,0.0,0.0,0.0,0.0,0.0,45.65,0.0,0.0,0.0,203.06,0.0,57.09,88.26,57.709999999999994,224.55,21.43,0.0,0.0,0.0,0.0,0.0,0.0
2025-06-20,jet,12.8,12.8,0.0,0.0,0.0,0.0,0.0,0.0,0.0,0.0,0.0,0.0,0.0,0.0,0.0,90.12,0.0,0.0,0.0,263.85,0.0,45.23,217.96,0.660000000000025,122.34,0.0,0.0,0.0,0.0,0.0,0.0,0.0
2025-06-27,jet,12.8,12.8,0.0,20.86,0.0,0.0,0.0,0.0,0.0,0.0,0.0,0.0,0.0,0.0,0.0,9.56,0.0,0.0,0.0,184.13,0.0,44.3,89.83,49.999999999999986,44.99,3.21,0.0,0.0,0.0,0.0,0.0,0.0
2025-07-04,jet,12.86,12.86,0.0,0.0,0.0,0.0,0.0,0.0,0.0,0.0,0.0,0.0,0.0,0.0,0.0,76.26,0.0,0.0,0.0,235.55000000000004,0.0,42.86,140.24,52.450000000000045,138.86,9.01,0.0,0.0,0.0,0.0,0.0,0.0
2025-07-11,jet,11.86,11.86,0.0,0.0,0.0,0.0,0.0,0.0,0.0,0.0,0.0,0.0,0.0,0.0,0.0,57.37,0.0,0.0,0.0,239.41000000000003,0.0,46.68,154.74,37.99000000000001,108.62,14.29,0.0,0.0,0.0,0.0,0.0,0.0
2025-07-18,jet,62.2,12.86,49.34,10.01,0.0,0.0,0.0,0.0,0.0,0.0,0.0,0.0,0.0,0.0,0.0,9.71,0.0,0.0,0.0,138.62,0.0,0.0,138.62,0.0,207.21,0.0,0.0,0.0,0.0,0.0,0.0,0.0
2025-07-25,jet,3.74,3.74,0.0,0.0,0.0,0.0,0.0,0.0,0.0,0.0,0.0,0.0,0.0,0.0,0.0,0.0,0.0,0.0,0.0,215.38,0.0,0.0,135.7,79.68,89.17,10.61,0.0,0.0,0.0,0.0,0.0,0.0
2025-08-01,jet,15.54,15.54,0.0,0.0,0.0,0.0,0.0,0.0,0.0,0.0,0.0,0.0,0.0,0.0,0.0,0.0,0.0,0.0,0.0,134.43,0.0,0.0,86.14,48.290000000000006,0.0,7.88,0.0,0.0,0.0,0.0,0.0,0.0
2025-08-08,jet,46.62,6.01,40.61,0.0,0.0,0.0,0.0,0.0,0.0,0.0,0.0,0.0,0.0,0.0,0.0,100.61,0.0,0.0,0.0,155.35,0.0,0.0,155.35,0.0,136.65,0.0,0.0,0.0,0.0,0.0,0.0,0.0
2025-08-15,jet,32.04,32.04,0.0,0.0,0.0,0.0,0.0,0.0,0.0,0.0,0.0,0.0,0.0,0.0,0.0,47.66,0.0,0.0,0.0,173.07,0.0,0.0,173.07,0.0,110.15,0.0,0.0,0.0,0.0,0.0,0.0,0.0
2025-08-22,jet,3.33,3.33,0.0,0.0,0.0,0.0,0.0,0.0,0.0,0.0,0.0,0.0,0.0,0.0,0.0,54.96,0.0,0.0,0.0,194.23000000000002,0.0,0.0,107.15,87.08000000000001,163.4,0.0,0.0,0.0,0.0,0.0,0.0,0.0
2025-08-29,jet,9.52,9.52,0.0,0.0,0.0,0.0,0.0,0.0,0.0,0.0,0.0,0.0,0.0,0.0,0.0,9.71,0.0,0.0,0.0,81.36,0.0,0.0,74.17,7.189999999999998,58.18,5.43,0.0,0.0,0.0,0.0,0.0,0.0
2025-09-05,jet,6.05,6.05,0.0,0.0,0.0,0.0,0.0,0.0,0.0,0.0,0.0,0.0,0.0,0.0,0.0,64.52,0.0,0.0,0.0,237.73999999999998,0.0,87.57,150.17,0.0,191.02,10.73,0.0,0.0,0.0,0.0,0.0,0.0
2025-09-12,jet,21.35,21.35,0.0,0.0,0.0,0.0,0.0,0.0,0.0,0.0,0.0,0.0,0.0,0.0,0.0,0.0,0.0,0.0,0.0,98.38,0.0,0.0,89.11,9.269999999999996,144.17,12.9,0.0,0.0,0.0,0.0,0.0,0.0
2025-09-19,jet,0.0,0.0,0.0,30.79,0.0,0.0,0.0,0.0,0.0,0.0,0.0,0.0,0.0,0.0,0.0,9.71,0.0,0.0,0.0,245.75,0.0,0.0,245.75,0.0,102.55,0.0,0.0,0.0,0.0,0.0,0.0,0.0
2025-09-26,jet,0.0,0.0,0.0,0.0,0.0,0.0,0.0,0.0,0.0,0.0,0.0,0.0,0.0,0.0,0.0,24.46,0.0,0.0,0.0,177.20000000000002,0.0,45.74,100.03,31.430000000000007,93.74,43.25,0.0,0.0,0.0,0.0,0.0,0.0
2025-10-03,jet,0.0,0.0,0.0,0.0,0.0,0.0,0.0,0.0,0.0,0.0,0.0,0.0,0.0,0.0,0.0,0.0,0.0,0.0,0.0,178.75,0.0,0.0,135.94,42.81,100.9,0.0,0.0,0.0,0.0,0.0,0.0,0.0
2025-10-10,jet,24.92,0.0,24.92,0.0,0.0,0.0,0.0,0.0,0.0,0.0,0.0,0.0,0.0,0.0,0.0,19.42,0.0,0.0,0.0,73.87,0.0,0.0,73.87,0.0,155.44,0.0,0.0,0.0,0.0,0.0,0.0,0.0
2025-10-17,jet,33.739999999999995,14.7,19.039999999999996,0.0,0.0,0.0,0.0,0.0,0.0,0.0,0.0,0.0,0.0,0.0,0.0,32.54,0.0,0.0,0.0,137.82,0.0,0.0,137.82,0.0,182.13,0.0,0.0,0.0,0.0,0.0,0.0,0.0
2025-10-24,jet,66.58,17.28,49.3,0.0,0.0,0.0,0.0,0.0,0.0,0.0,0.0,0.0,0.0,0.0,0.0,45.65,0.0,0.0,0.0,192.88000000000002,0.0,10.71,155.08,27.090000000000003,76.55,14.29,0.0,0.0,0.0,0.0,0.0,0.0
2025-10-31,jet,77.75999999999999,12.96,64.79999999999998,0.0,0.0,0.0,0.0,0.0,0.0,0.0,0.0,0.0,0.0,0.0,0.0,0.0,0.0,0.0,0.0,173.64000000000001,0.0,10.71,109.36,53.57000000000001,121.31,8.35,0.0,0.0,0.0,0.0,0.0,0.0
2025-11-07,jet,12.96,12.96,0.0,0.0,0.0,0.0,0.0,0.0,0.0,0.0,0.0,0.0,0.0,0.0,0.0,79.06,0.0,0.0,0.0,102.21000000000001,0.0,0.0,53.31,48.900000000000006,143.77,12.0,0.0,0.0,0.0,0.0,0.0,0.0
2025-11-14,jet,17.43,17.43,0.0,0.0,0.0,0.0,0.0,0.0,0.0,0.0,0.0,0.0,0.0,0.0,0.0,26.2,0.0,0.0,0.0,214.29000000000002,0.0,0.0,180.59,33.70000000000002,254.09,0.0,0.0,0.0,0.0,0.0,0.0,0.0
2025-11-21,jet,44.42,0.0,44.42,0.0,0.0,0.0,0.0,0.0,0.0,0.0,0.0,0.0,0.0,0.0,0.0,45.62,0.0,0.0,0.0,127.84,0.0,45.0,82.84,0.0,88.95,0.0,0.0,0.0,0.0,0.0,0.0,0.0
2025-11-28,jet,28.34,28.34,0.0,0.0,0.0,0.0,0.0,0.0,0.0,0.0,0.0,0.0,0.0,0.0,0.0,68.28,0.0,0.0,0.0,248.28,0.0,106.12,102.16,40.0,126.19,0.0,0.0,0.0,0.0,0.0,0.0,0.0
2025-12-05,jet,6.62,6.62,0.0,0.0,0.0,0.0,0.0,0.0,0.0,0.0,0.0,0.0,0.0,0.0,0.0,45.64,0.0,0.0,0.0,292.22,0.0,88.57,152.47,51.180000000000035,172.33,0.0,0.0,0.0,0.0,0.0,0.0,0.0
2025-12-12,jet,12.96,12.96,0.0,0.0,0.0,0.0,0.0,0.0,0.0,0.0,0.0,0.0,0.0,0.0,0.0,52.94,0.0,0.0,0.0,117.62,0.0,0.0,77.52,40.10000000000001,125.9,25.0,0.0,0.0,0.0,0.0,0.0,0.0
2025-12-19,jet,25.78,25.78,0.0,0.0,0.0,0.0,0.0,0.0,0.0,0.0,0.0,0.0,0.0,0.0,0.0,116.82,0.0,0.0,0.0,256.58,0.0,0.0,256.58,0.0,246.73,42.86,0.0,0.0,0.0,0.0,0.0,0.0
2025-12-26,jet,75.37,33.04,42.330000000000005,0.0,0.0,0.0,0.0,0.0,0.0,0.0,0.0,0.0,0.0,0.0,0.0,63.58,0.0,0.0,0.0,181.07999999999998,0.0,86.63,94.45,0.0,44.55,7.13,0.0,0.0,0.0,0.0,0.0,0.0
2026-01-02,jet,0.29,0.29,0.0,0.0,0.0,0.0,0.0,0.0,0.0,0.0,0.0,0.0,0.0,0.0,0.0,71.51,0.0,0.0,0.0,249.28,0.0,43.99,171.13,34.16,68.78,4.29,0.0,0.0,0.0,0.0,0.0,0.0
2026-01-09,jet,24.87,24.87,0.0,0.0,0.0,0.0,0.0,0.0,0.0,0.0,0.0,0.0,0.0,0.0,0.0,104.87,0.0,0.0,0.0,321.67,0.0,134.94,150.81,35.920000000000016,120.08,0.0,0.0,0.0,0.0,0.0,0.0,0.0
2026-01-16,jet,6.48,6.48,0.0,0.0,0.0,0.0,0.0,0.0,0.0,0.0,0.0,0.0,0.0,0.0,0.0,22.62,0.0,0.0,0.0,323.29999999999995,0.0,137.29,186.01,0.0,141.25,12.86,0.0,0.0,0.0,0.0,0.0,0.0
2026-01-23,jet,16.65,16.65,0.0,0.0,0.0,0.0,0.0,0.0,0.0,0.0,0.0,0.0,0.0,0.0,0.0,45.66,0.0,0.0,0.0,226.15,0.0,44.41,181.74,0.0,38.96,42.86,0.0,0.0,0.0,0.0,0.0,0.0
2026-01-30,jet,6.48,6.48,0.0,0.0,0.0,0.0,0.0,0.0,0.0,0.0,0.0,0.0,0.0,0.0,0.0,110.17,0.0,0.0,0.0,204.81,0.0,0.0,105.16,99.65,178.33,0.0,0.0,0.0,0.0,0.0,0.0,0.0
2026-02-06,jet,28.84,28.84,0.0,0.0,0.0,0.0,0.0,0.0,0.0,0.0,0.0,0.0,0.0,0.0,0.0,12.14,0.0,0.0,0.0,270.4,17.64,25.2,146.46,81.1,49.39,35.81,0.0,0.0,0.0,0.0,0.0,0.0
2026-02-13,jet,17.58,17.58,0.0,0.0,0.0,0.0,0.0,0.0,0.0,0.0,0.0,0.0,0.0,0.0,0.0,62.65,0.0,0.0,0.0,101.22,0.0,0.0,101.22,0.0,235.34,4.29,0.0,0.0,0.0,0.0,0.0,0.0
2026-02-20,jet,14.63,14.63,0.0,0.0,0.0,0.0,0.0,0.0,0.0,0.0,0.0,0.0,0.0,0.0,0.0,107.05,0.0,0.0,0.0,255.41,0.0,0.0,217.35,38.06,57.84,0.0,0.0,0.0,0.0,0.0,0.0,0.0
2026-02-27,jet,56.620000000000005,16.3,40.32000000000001,0.0,0.0,0.0,0.0,0.0,0.0,0.0,0.0,0.0,0.0,0.0,0.0,25.87,0.0,0.0,0.0,121.14,0.0,0.0,121.14,0.0,114.09,28.63,0.0,0.0,0.0,0.0,0.0,0.0
2026-03-06,jet,22.39,22.39,0.0,0.0,0.0,0.0,0.0,0.0,0.0,0.0,0.0,0.0,0.0,0.0,0.0,24.26,0.0,0.0,0.0,139.01999999999998,0.0,0.0,89.02,49.999999999999986,79.57,14.29,0.0,0.0,0.0,0.0,0.0,0.0
2026-03-13,jet,29.23,29.23,0.0,0.0,0.0,0.0,0.0,0.0,0.0,0.0,0.0,0.0,0.0,0.0,0.0,27.92,0.0,0.0,0.0,251.36,0.0,0.0,251.36,0.0,139.38,0.0,0.0,0.0,0.0,0.0,0.0,0.0
2026-03-20,jet,11.02,11.02,0.0,22.38,0.0,0.0,0.0,0.0,0.0,0.0,0.0,0.0,0.0,0.0,0.0,27.96,0.0,0.0,0.0,270.74,0.0,91.53,138.5,40.71000000000001,100.88,0.0,0.0,0.0,0.0,0.0,0.0,0.0
2026-03-27,jet,45.51,45.51,0.0,60.33,0.0,0.0,0.0,0.0,0.0,0.0,0.0,0.0,0.0,0.0,0.0,13.26,0.0,0.0,0.0,354.19,0.0,134.95,165.28,53.96000000000001,55.99,10.86,0.0,0.0,0.0,0.0,0.0,0.0
2026-04-03,jet,44.81,44.81,0.0,42.86,0.0,0.0,0.0,0.0,0.0,0.0,0.0,0.0,0.0,0.0,0.0,77.51,0.0,0.0,42.86,410.2,0.0,176.34,146.45,87.41,112.18,8.39,0.0,0.0,0.0,0.0,0.0,0.0
2026-04-10,jet,6.48,6.48,0.0,0.0,0.0,0.0,0.0,0.0,0.0,0.0,0.0,0.0,0.0,0.0,0.0,77.19,0.0,0.0,42.86,225.90999999999997,0.0,47.0,159.17,19.73999999999998,66.77,4.21,0.0,0.0,0.0,0.0,0.0,0.0
2026-04-17,jet,28.31,28.31,0.0,54.84,0.0,0.0,0.0,0.0,0.0,0.0,0.0,0.0,0.0,0.0,0.0,22.81,0.0,0.0,0.0,326.93,0.0,135.82,150.54,40.57000000000002,104.02,16.03,0.0,0.0,0.0,0.0,0.0,0.0
2026-04-24,jet,0.0,0.0,0.0,0.0,0.0,0.0,0.0,0.0,0.0,0.0,0.0,0.0,0.0,0.0,0.0,71.35,0.0,0.0,22.38,299.07,10.71,82.27,206.09,2.842170943040401e-14,101.06,0.0,0.0,0.0,0.0,0.0,0.0,0.0
2026-05-01,jet,38.03,38.03,0.0,45.88,0.0,0.0,0.0,0.0,0.0,0.0,0.0,0.0,0.0,0.0,0.0,22.81,0.0,0.0,0.0,340.86,0.0,202.15,118.78,19.930000000000007,12.51,0.0,0.0,0.0,0.0,0.0,0.0,0.0
2026-05-08,jet,6.48,6.48,0.0,0.0,0.0,0.0,0.0,0.0,0.0,0.0,0.0,0.0,0.0,0.0,0.0,26.39,0.0,0.0,0.0,333.57000000000005,0.0,157.86,127.14,48.570000000000036,44.61,0.0,0.0,0.0,0.0,0.0,0.0,0.0
2026-05-15,jet,6.43,6.43,0.0,0.0,0.0,0.0,0.0,0.0,0.0,0.0,0.0,0.0,0.0,0.0,0.0,48.95,0.0,0.0,43.77,330.03,0.0,170.92,122.74,36.36999999999999,78.81,0.0,0.0,0.0,0.0,0.0,0.0,0.0
2026-05-22,jet,19.29,19.29,0.0,0.0,0.0,0.0,0.0,0.0,0.0,0.0,0.0,0.0,0.0,0.0,0.0,34.96,0.0,0.0,0.0,293.82,0.0,104.26,189.56,0.0,0.0,0.0,0.0,0.0,0.0,0.0,0.0,0.0
2026-05-29,jet,0.0,0.0,0.0,0.0,0.0,0.0,0.0,0.0,0.0,0.0,0.0,0.0,0.0,0.0,0.0,22.83,0.0,0.0,0.0,317.52,16.78,203.77,96.97,0.0,85.47,0.0,0.0,0.0,0.0,0.0,0.0,0.0
2026-06-05,jet,38.24,38.24,0.0,0.0,0.0,0.0,0.0,0.0,0.0,0.0,0.0,0.0,0.0,0.0,0.0,22.82,0.0,0.0,42.86,317.53000000000003,0.0,117.42,145.34,54.77000000000001,82.69,0.0,0.0,0.0,0.0,0.0,0.0,0.0
2026-06-12,jet,12.86,12.86,0.0,0.0,0.0,0.0,0.0,0.0,0.0,0.0,0.0,0.0,0.0,0.0,0.0,0.0,0.0,0.0,0.0,367.07000000000005,0.0,216.33,150.74,2.842170943040401e-14,42.86,43.25,0.0,0.0,0.0,0.0,0.0,0.0
2026-06-19,jet,12.14,12.14,0.0,0.0,0.0,0.0,0.0,0.0,0.0,0.0,0.0,0.0,0.0,0.0,0.0,24.31,0.0,0.0,0.0,340.63999999999993,0.0,179.98,117.81,42.84999999999994,65.76,0.0,0.0,0.0,0.0,0.0,0.0,0.0
2026-06-26,jet,12.86,12.86,0.0,0.0,0.0,0.0,0.0,0.0,0.0,0.0,0.0,0.0,0.0,0.0,0.0,0.0,0.0,0.0,10.47,332.46,0.0,68.57,191.54,72.35,74.7,0.0,0.0,0.0,0.0,0.0,0.0,0.0
2026-07-03,jet,19.27,19.27,0.0,0.0,0.0,0.0,0.0,0.0,0.0,0.0,0.0,0.0,0.0,0.0,0.0,0.0,0.0,0.0,0.0,256.93,0.0,45.0,168.51,43.420000000000016,74.5,43.42,0.0,0.0,0.0,0.0,0.0,0.0
2026-07-10,jet,6.43,6.43,0.0,0.0,0.0,0.0,0.0,0.0,0.0,0.0,0.0,0.0,0.0,0.0,0.0,0.0,0.0,0.0,0.0,26.03,0.0,0.0,17.35,8.68,155.59,0.0,0.0,0.0,0.0,0.0,0.0,0.0
2026-07-17,jet,0.0,0.0,0.0,0.0,0.0,0.0,0.0,0.0,0.0,0.0,0.0,0.0,0.0,0.0,0.0,0.0,0.0,0.0,0.0,0.0,0.0,0.0,0.0,0.0,96.23,0.0,0.0,0.0,0.0,0.0,0.0,0.0
2026-07-24,jet,0.0,0.0,0.0,0.0,0.0,0.0,0.0,0.0,0.0,0.0,0.0,0.0,0.0,0.0,0.0,0.0,0.0,0.0,0.0,0.0,0.0,0.0,0.0,0.0,48.59,0.0,0.0,0.0,0.0,0.0,0.0,0.0
2026-08-14,jet,0.0,0.0,0.0,0.0,0.0,0.0,0.0,0.0,0.0,0.0,0.0,0.0,0.0,0.0,0.0,0.0,0.0,0.0,0.0,0.0,0.0,0.0,0.0,0.0,39.47,0.0,0.0,0.0,0.0,0.0,0.0,0.0
